-- phpMyAdmin SQL Dump
-- version 5.2.1
-- https://www.phpmyadmin.net/
--
-- Servidor: 127.0.0.1
-- Tiempo de generación: 20-05-2026 a las 03:09:32
-- Versión del servidor: 10.4.32-MariaDB
-- Versión de PHP: 8.2.12

SET SQL_MODE = "NO_AUTO_VALUE_ON_ZERO";
START TRANSACTION;
SET time_zone = "+00:00";


/*!40101 SET @OLD_CHARACTER_SET_CLIENT=@@CHARACTER_SET_CLIENT */;
/*!40101 SET @OLD_CHARACTER_SET_RESULTS=@@CHARACTER_SET_RESULTS */;
/*!40101 SET @OLD_COLLATION_CONNECTION=@@COLLATION_CONNECTION */;
/*!40101 SET NAMES utf8mb4 */;

--
-- Base de datos: `ignorancia`
--

-- --------------------------------------------------------

--
-- Estructura de tabla para la tabla `categoria`
--

CREATE TABLE `categoria` (
  `id_categoria` int(11) NOT NULL,
  `descripcion` varchar(200) NOT NULL
) ENGINE=InnoDB DEFAULT CHARSET=utf8mb4 COLLATE=utf8mb4_general_ci;

--
-- Volcado de datos para la tabla `categoria`
--

INSERT INTO `categoria` (`id_categoria`, `descripcion`) VALUES
(1, 'Matematicas'),
(2, 'Geografia'),
(3, 'Historia_de_mexico'),
(4, 'Programacion'),
(5, 'Automotriz'),
(6, 'Anatomia'),
(7, 'Ciencias_naturales'),
(8, 'Deportes'),
(9, 'Astronomia'),
(10, 'Mitologia_griega');

-- --------------------------------------------------------

--
-- Estructura de tabla para la tabla `pregunta`
--

CREATE TABLE `pregunta` (
  `id_pregunta` int(11) NOT NULL,
  `pregunta` varchar(200) NOT NULL,
  `opcion_1` varchar(100) NOT NULL,
  `opcion_2` varchar(100) NOT NULL,
  `opcion_3` varchar(100) NOT NULL,
  `opcion_4` varchar(100) NOT NULL,
  `correcto` int(11) NOT NULL,
  `id_categoria` int(11) NOT NULL
) ENGINE=InnoDB DEFAULT CHARSET=utf8mb4 COLLATE=utf8mb4_general_ci;

--
-- Volcado de datos para la tabla `pregunta`
--

INSERT INTO `pregunta` (`id_pregunta`, `pregunta`, `opcion_1`, `opcion_2`, `opcion_3`, `opcion_4`, `correcto`, `id_categoria`) VALUES
(1, '¿Cuánto es 12 + 8?', '18', '19', '20', '21', 3, 1),
(2, '¿Cuánto es 15 x 4?', '45', '50', '55', '60', 4, 1),
(3, '¿Cuánto es 81 ÷ 9?', '8', '9', '7', '6', 2, 1),
(4, '¿Cuál es el resultado de 7²?', '42', '49', '36', '56', 2, 1),
(5, '¿Cuánto es √121?', '9', '10', '11', '12', 3, 1),
(6, '¿Cuánto es 25% de 200?', '25', '50', '75', '100', 2, 1),
(7, '¿Cuánto es 3/4 en decimal?', '0.25', '0.5', '0.75', '1', 3, 1),
(8, '¿Área de un cuadrado lado 5?', '20', '25', '30', '35', 2, 1),
(9, '¿Perímetro triángulo 3,4,5?', '10', '11', '12', '13', 3, 1),
(10, 'Resuelve: 2x = 10', 'x=2', 'x=3', 'x=4', 'x=5', 4, 1),
(11, '¿Cuánto es 9 x 8?', '72', '64', '80', '88', 1, 1),
(12, '¿Cuánto es 144 ÷ 12?', '10', '11', '12', '13', 3, 1),
(13, '¿Cuánto es 5²?', '20', '25', '30', '35', 2, 1),
(14, '¿Cuánto es 18 + 27?', '43', '44', '45', '46', 3, 1),
(15, '¿Cuánto es 100 - 37?', '60', '61', '62', '63', 4, 1),
(16, '¿Cuánto es 6³?', '36', '216', '126', '96', 2, 1),
(17, '¿Cuánto es √64?', '6', '7', '8', '9', 3, 1),
(18, '¿Cuánto es 40% de 50?', '10', '15', '20', '25', 3, 1),
(19, '¿Cuánto es 7 x 6?', '42', '36', '48', '40', 1, 1),
(20, '¿Cuánto es 90 ÷ 3?', '20', '25', '30', '35', 3, 1),
(21, '¿Cuánto es 1/2 + 1/2?', '1', '2', '0', '0.5', 1, 1),
(22, '¿Área de rectángulo 5x3?', '15', '10', '20', '25', 1, 1),
(23, '¿Cuánto es 10²?', '50', '100', '150', '200', 2, 1),
(24, 'Resuelve: 3x + 5 = 14', '2', '3', '4', '5', 2, 1),
(25, '¿Cuánto es 20% de 300?', '40', '50', '60', '70', 3, 1),
(26, '¿Cuánto es 8²?', '64', '72', '56', '60', 1, 1),
(27, '¿Cuánto es 50 ÷ 5?', '5', '10', '15', '20', 2, 1),
(28, '¿Cuánto es 11 x 3?', '33', '30', '36', '39', 1, 1),
(29, '¿Cuánto es 70 - 25?', '40', '45', '50', '55', 2, 1),
(30, '¿Cuánto es √81?', '7', '8', '9', '10', 3, 1),
(31, '¿Área de círculo radio 3 (π≈3)?', '27', '28', '30', '24', 1, 1),
(32, '¿Perímetro de cuadrado lado 4?', '12', '14', '16', '18', 3, 1),
(33, '¿Cuánto es 2³ + 3²?', '13', '17', '11', '15', 1, 1),
(34, '¿Cuánto es 100 ÷ 4?', '20', '25', '30', '35', 2, 1),
(35, '¿Cuánto es 45 + 55?', '90', '95', '100', '105', 3, 1),
(36, '¿Cuánto es 12 x 12?', '124', '144', '134', '154', 2, 1),
(37, '¿Cuánto es 30% de 150?', '30', '35', '40', '45', 4, 1),
(38, '¿Cuánto es 144 ÷ 6?', '20', '22', '24', '26', 3, 1),
(39, '¿Cuánto es 13 x 5?', '60', '65', '70', '75', 2, 1),
(40, '¿Cuánto es 200 - 75?', '115', '120', '125', '130', 3, 1),
(41, '¿Cuánto es 16 + 18?', '32', '33', '34', '35', 3, 1),
(42, '¿Cuánto es 9²?', '72', '81', '90', '99', 2, 1),
(43, '¿Cuánto es 72 ÷ 8?', '7', '8', '9', '10', 3, 1),
(44, '¿Cuánto es 7 x 7?', '42', '49', '56', '63', 2, 1),
(45, '¿Cuánto es 120 ÷ 10?', '10', '11', '12', '13', 3, 1),
(46, '¿Cuánto es 15 + 25?', '35', '40', '45', '50', 2, 1),
(47, '¿Cuánto es 6 x 8?', '42', '46', '48', '50', 3, 1),
(48, '¿Cuánto es 64 ÷ 4?', '14', '15', '16', '17', 3, 1),
(49, '¿Cuánto es √36?', '5', '6', '7', '8', 2, 1),
(50, '¿Cuánto es 50% de 60?', '20', '25', '30', '35', 3, 1),
(51, '¿Cuánto es 14 x 3?', '40', '42', '44', '46', 2, 1),
(52, '¿Cuánto es 90 - 45?', '40', '45', '50', '55', 2, 1),
(53, '¿Cuánto es 8 x 7?', '54', '56', '58', '60', 2, 1),
(54, '¿Cuánto es 100 ÷ 20?', '4', '5', '6', '7', 2, 1),
(55, '¿Cuánto es 4³?', '16', '32', '64', '12', 2, 1),
(56, '¿Cuánto es 2x + 3 = 11?', '3', '4', '5', '6', 2, 1),
(57, '¿Cuánto es 60% de 50?', '25', '30', '35', '40', 2, 1),
(58, '¿Área rectángulo 6x4?', '20', '22', '24', '26', 3, 1),
(59, '¿Perímetro triángulo 5,5,5?', '10', '12', '15', '20', 3, 1),
(60, '¿Cuánto es √49?', '6', '7', '8', '9', 2, 1),
(61, '¿Cuánto es 25 x 2?', '45', '50', '55', '60', 2, 1),
(62, '¿Cuánto es 81 ÷ 3?', '24', '25', '26', '27', 4, 1),
(63, '¿Cuánto es 13²?', '169', '144', '156', '176', 1, 1),
(64, '¿Cuánto es 45 + 35?', '75', '80', '85', '90', 2, 1),
(65, '¿Cuánto es 100 - 50?', '40', '45', '50', '55', 3, 1),
(66, '¿Cuánto es 5 x 9?', '40', '45', '50', '55', 2, 1),
(67, '¿Cuánto es 36 ÷ 6?', '5', '6', '7', '8', 2, 1),
(68, '¿Cuánto es 3²?', '6', '8', '9', '12', 3, 1),
(69, '¿Cuánto es 80% de 50?', '30', '35', '40', '45', 3, 1),
(70, '¿Cuánto es 12 + 18?', '28', '29', '30', '31', 3, 1),
(71, '¿Cuánto es 6 x 11?', '60', '66', '72', '70', 2, 1),
(72, '¿Cuánto es 100 ÷ 25?', '2', '3', '4', '5', 3, 1),
(73, '¿Cuánto es 7³?', '343', '240', '210', '300', 1, 1),
(74, '¿Cuánto es 90 - 30?', '50', '55', '60', '65', 3, 1),
(75, '¿Cuánto es 8 x 9?', '64', '72', '80', '88', 2, 1),
(76, '¿Cuánto es 2+3?', '4', '5', '6', '7', 2, 1),
(77, '¿Cuánto es 10-4?', '5', '6', '7', '8', 2, 1),
(78, '¿Cuánto es 6x3?', '18', '16', '20', '15', 1, 1),
(79, '¿Cuánto es 12÷4?', '2', '3', '4', '5', 2, 1),
(80, '¿Cuánto es 5²?', '20', '25', '30', '35', 2, 1),
(81, '¿Cuánto es √49?', '6', '7', '8', '9', 2, 1),
(82, '¿Cuánto es 20% de 50?', '5', '10', '15', '20', 2, 1),
(83, '¿Cuánto es 1/2 en decimal?', '0.25', '0.5', '0.75', '1', 2, 1),
(84, '¿Área de cuadrado lado 4?', '12', '14', '16', '18', 3, 1),
(85, '¿Perímetro triángulo 3,4,5?', '10', '11', '12', '13', 3, 1),
(86, '¿Cuánto es 7+8?', '13', '14', '15', '16', 3, 1),
(87, '¿Cuánto es 15-9?', '5', '6', '7', '8', 2, 1),
(88, '¿Cuánto es 9x2?', '16', '18', '20', '22', 2, 1),
(89, '¿Cuánto es 18÷3?', '5', '6', '7', '8', 2, 1),
(90, '¿Cuánto es 6²?', '30', '36', '40', '42', 2, 1),
(91, '¿Cuánto es 14x3?', '40', '42', '44', '46', 2, 1),
(92, '¿Cuánto es 90-45?', '40', '45', '50', '55', 2, 1),
(93, '¿Cuánto es 8x7?', '54', '56', '58', '60', 2, 1),
(94, '¿Cuánto es 100÷20?', '4', '5', '6', '7', 2, 1),
(95, '¿Cuánto es 4³?', '16', '32', '64', '12', 2, 1),
(96, '¿Cuánto es 19+7?', '24', '25', '26', '27', 3, 1),
(97, '¿Cuánto es 50-18?', '30', '32', '34', '36', 2, 1),
(98, '¿Cuánto es 7x8?', '54', '56', '58', '60', 2, 1),
(99, '¿Cuánto es 63÷9?', '6', '7', '8', '9', 2, 1),
(100, '¿Cuánto es 11²?', '111', '121', '131', '141', 2, 1),
(101, '¿Cuánto es √196?', '12', '13', '14', '15', 3, 1),
(102, '¿Cuánto es 15% de 200?', '20', '25', '30', '35', 3, 1),
(103, '¿Cuánto es 4/5 en decimal?', '0.6', '0.7', '0.8', '0.9', 3, 1),
(104, '¿Área de rectángulo 10x3?', '25', '30', '35', '40', 2, 1),
(105, '¿Perímetro de cuadrado lado 9?', '30', '32', '34', '36', 4, 1),
(106, '¿Resuelve: 5x=25', '3', '4', '5', '6', 3, 1),
(107, '¿Cuánto es 22+18?', '38', '39', '40', '41', 3, 1),
(108, '¿Cuánto es 100-73?', '25', '26', '27', '28', 3, 1),
(109, '¿Cuánto es 6x9?', '52', '53', '54', '55', 3, 1),
(110, '¿Cuánto es 56÷7?', '6', '7', '8', '9', 3, 1),
(111, '¿Cuánto es 12²?', '124', '134', '144', '154', 3, 1),
(112, '¿Cuánto es √225?', '13', '14', '15', '16', 3, 1),
(113, '¿Cuánto es 35% de 100?', '25', '30', '35', '40', 3, 1),
(114, '¿Cuánto es 3/8 en decimal?', '0.3', '0.35', '0.375', '0.4', 3, 1),
(115, '¿Área triángulo base 8 altura 5?', '18', '20', '22', '24', 2, 1),
(116, '¿Perímetro rectángulo 5x9?', '24', '26', '28', '30', 3, 1),
(117, '¿Resuelve: x+9=15', '4', '5', '6', '7', 3, 1),
(118, '¿Cuánto es 33+27?', '58', '59', '60', '61', 3, 1),
(119, '¿Cuánto es 70-28?', '40', '41', '42', '43', 3, 1),
(120, '¿Cuánto es 8x8?', '62', '63', '64', '65', 3, 1),
(121, '¿Cuánto es 81÷9?', '7', '8', '9', '10', 3, 1),
(122, '¿Cuánto es 9²?', '72', '80', '81', '90', 3, 1),
(123, '¿Cuánto es √121?', '9', '10', '11', '12', 3, 1),
(124, '¿Cuánto es 5% de 200?', '5', '8', '10', '12', 3, 1),
(125, '¿Cuánto es 7/8 en decimal?', '0.7', '0.75', '0.8', '0.875', 4, 1),
(126, '¿Área de cuadrado lado 10?', '90', '95', '100', '105', 3, 1),
(127, '¿Perímetro triángulo 6,6,6?', '16', '18', '20', '22', 2, 1),
(128, '¿Resuelve: 2x+4=10', '2', '3', '4', '5', 2, 1),
(129, '¿Cuánto es 44+16?', '58', '59', '60', '61', 3, 1),
(130, '¿Cuánto es 90-47?', '40', '41', '42', '43', 4, 1),
(131, '¿Cuánto es 5x12?', '55', '60', '65', '70', 2, 1),
(132, '¿Cuánto es 100÷5?', '15', '18', '20', '22', 3, 1),
(133, '¿Cuánto es 13²?', '159', '169', '179', '189', 2, 1),
(134, '¿Cuánto es √256?', '14', '15', '16', '17', 3, 1),
(135, '¿Cuánto es 60% de 50?', '20', '25', '30', '35', 3, 1),
(136, '¿Cuánto es 24+13?', '38', '36', '37', '39', 3, 1),
(137, '¿Cuánto es 80-26?', '55', '54', '52', '53', 2, 1),
(138, '¿Cuánto es 9x7?', '62', '64', '60', '63', 4, 1),
(139, '¿Cuánto es 72÷9?', '9', '7', '8', '10', 3, 1),
(140, '¿Cuánto es 4²?', '16', '14', '15', '17', 1, 1),
(141, '¿Cuánto es √169?', '12', '14', '13', '11', 3, 1),
(142, '¿Cuánto es 30% de 150?', '50', '45', '40', '55', 2, 1),
(143, '¿Cuánto es 6/10 en decimal?', '0.7', '0.5', '0.6', '0.8', 3, 1),
(144, '¿Área rectángulo 7x4?', '28', '26', '24', '30', 1, 1),
(145, '¿Perímetro cuadrado lado 11?', '42', '44', '46', '40', 2, 1),
(146, '¿Resuelve: 6x=36', '7', '6', '5', '4', 2, 1),
(147, '¿Cuánto es 28+32?', '61', '58', '60', '59', 3, 1),
(148, '¿Cuánto es 100-81?', '21', '18', '20', '19', 4, 1),
(149, '¿Cuánto es 8x9?', '73', '70', '71', '72', 4, 1),
(150, '¿Cuánto es 63÷7?', '9', '10', '8', '7', 1, 1),
(151, '¿Cuánto es 15²?', '225', '235', '215', '245', 1, 1),
(152, '¿Cuánto es √196?', '14', '12', '13', '15', 1, 1),
(153, '¿Cuánto es 12% de 100?', '11', '12', '10', '13', 2, 1),
(154, '¿Cuánto es 1/5 en decimal?', '0.3', '0.1', '0.2', '0.4', 3, 1),
(155, '¿Área triángulo base 12 altura 3?', '20', '22', '18', '16', 3, 1),
(156, '¿Perímetro rectángulo 6x8?', '30', '24', '26', '28', 4, 1),
(157, '¿Resuelve: x-4=10', '14', '13', '15', '12', 1, 1),
(158, '¿Cuánto es 39+21?', '59', '61', '58', '60', 4, 1),
(159, '¿Cuánto es 85-29?', '57', '54', '55', '56', 4, 1),
(160, '¿Cuánto es 7x11?', '76', '78', '75', '77', 4, 1),
(161, '¿Cuánto es 54÷6?', '9', '8', '10', '11', 1, 1),
(162, '¿Cuánto es 12²?', '152', '148', '140', '144', 4, 1),
(163, '¿Cuánto es √100?', '9', '10', '11', '8', 2, 1),
(164, '¿Cuánto es 25% de 120?', '28', '30', '32', '25', 2, 1),
(165, '¿Cuánto es 9/10 en decimal?', '0.8', '1', '0.9', '0.7', 3, 1),
(166, '¿Área cuadrado lado 12?', '148', '144', '152', '140', 2, 1),
(167, '¿Perímetro triángulo 7,7,7?', '19', '18', '20', '21', 3, 1),
(168, '¿Resuelve: 3x+6=15', '4', '5', '2', '3', 4, 1),
(169, '¿Cuánto es 47+18?', '64', '66', '63', '65', 4, 1),
(170, '¿Cuánto es 92-37?', '54', '56', '53', '55', 4, 1),
(171, '¿Cuánto es 4x13?', '52', '56', '54', '50', 1, 1),
(172, '¿Cuánto es 100÷4?', '22', '30', '25', '20', 3, 1),
(173, '¿Cuánto es 14²?', '206', '216', '196', '186', 3, 1),
(174, '¿Cuánto es √225?', '14', '16', '13', '15', 4, 1),
(175, '¿Cuánto es 70% de 50?', '35', '30', '32', '38', 1, 1),
(176, '¿Cuánto es 2/5 en decimal?', '0.5', '0.6', '0.4', '0.3', 3, 1),
(177, '¿Área rectángulo 9x5?', '45', '48', '40', '42', 1, 1),
(178, '¿Perímetro cuadrado lado 13?', '52', '54', '56', '50', 2, 1),
(179, '¿Resuelve: 7x=49', '8', '6', '5', '7', 4, 1),
(180, '¿Cuánto es 36+14?', '49', '50', '51', '48', 2, 1),
(181, '¿Cuánto es 100-58?', '41', '42', '43', '40', 2, 1),
(182, '¿Cuánto es 5x14?', '72', '68', '65', '70', 4, 1),
(183, '¿Cuánto es 81÷9?', '11', '10', '9', '8', 3, 1),
(184, '¿Cuánto es 11²?', '141', '131', '121', '111', 3, 1),
(185, '¿Cuánto es √64?', '9', '8', '7', '6', 2, 1),
(186, '¿Cuánto es 15% de 200?', '28', '32', '25', '30', 4, 1),
(187, '¿Cuánto es 3/10 en decimal?', '0.4', '0.2', '0.3', '0.5', 3, 1),
(188, '¿Área triángulo base 10 altura 6?', '34', '28', '30', '32', 3, 1),
(189, '¿Perímetro rectángulo 10x4?', '26', '30', '24', '28', 4, 1),
(190, '¿Resuelve: x+8=20', '13', '12', '11', '10', 2, 1),
(191, '¿Cuánto es 27+18?', '44', '45', '46', '47', 2, 1),
(192, '¿Cuánto es 95-47?', '46', '47', '48', '49', 3, 1),
(193, '¿Cuánto es 8x12?', '94', '95', '96', '98', 3, 1),
(194, '¿Cuánto es 144÷12?', '10', '11', '12', '13', 3, 1),
(195, '¿Cuánto es 16²?', '250', '252', '254', '256', 4, 1),
(196, '¿Cuánto es √289?', '15', '16', '17', '18', 3, 1),
(197, '¿Cuánto es 45% de 200?', '80', '85', '90', '95', 3, 1),
(198, '¿Cuánto es 7/5 en decimal?', '1.2', '1.3', '1.4', '1.5', 3, 1),
(199, '¿Área rectángulo 12x4?', '44', '46', '48', '50', 3, 1),
(200, '¿Resuelve: 4x+4=20', '3', '4', '5', '6', 2, 1),
(201, '¿Cuál es el continente más grande?', 'Europa', 'Asia', 'África', 'América', 2, 2),
(202, '¿Cuál es el océano más grande?', 'Atlántico', 'Índico', 'Ártico', 'Pacífico', 4, 2),
(203, '¿Cuál es el río más largo del mundo?', 'Nilo', 'Amazonas', 'Danubio', 'Yangtsé', 2, 2),
(204, '¿Cuál es la montaña más alta del mundo?', 'K2', 'Everest', 'Aconcagua', 'Denali', 2, 2),
(205, '¿Capital de México?', 'Monterrey', 'Guadalajara', 'Ciudad de México', 'Puebla', 3, 2),
(206, '¿Capital de Japón?', 'Osaka', 'Tokio', 'Kioto', 'Nagoya', 2, 2),
(207, '¿Capital de Francia?', 'Lyon', 'Marsella', 'París', 'Niza', 3, 2),
(208, '¿Capital de Alemania?', 'Hamburgo', 'Berlín', 'Múnich', 'Colonia', 2, 2),
(209, '¿Capital de Italia?', 'Roma', 'Milán', 'Venecia', 'Turín', 1, 2),
(210, '¿Capital de España?', 'Barcelona', 'Madrid', 'Valencia', 'Sevilla', 2, 2),
(211, '¿País más grande del mundo?', 'China', 'Canadá', 'Estados Unidos', 'Rusia', 4, 2),
(212, '¿Desierto más grande?', 'Gobi', 'Sahara', 'Atacama', 'Kalahari', 2, 2),
(213, '¿Selva más grande?', 'Congo', 'Amazonas', 'Borneo', 'Indonesia', 2, 2),
(214, '¿Línea que divide hemisferios?', 'Greenwich', 'Ecuador', 'Trópico', 'Meridiano', 2, 2),
(215, '¿Capital de Argentina?', 'Rosario', 'Córdoba', 'Buenos Aires', 'Mendoza', 3, 2),
(216, '¿Capital de Chile?', 'Valparaíso', 'Santiago', 'Concepción', 'La Serena', 2, 2),
(217, '¿Capital de Perú?', 'Cusco', 'Arequipa', 'Lima', 'Tacna', 3, 2),
(218, '¿Capital de Colombia?', 'Medellín', 'Bogotá', 'Cali', 'Cartagena', 2, 2),
(219, '¿Capital de Brasil?', 'Río', 'Brasilia', 'São Paulo', 'Salvador', 2, 2),
(220, '¿Capital de Canadá?', 'Toronto', 'Vancouver', 'Ottawa', 'Montreal', 3, 2),
(221, '¿Capital de EE.UU.?', 'Los Ángeles', 'Washington D.C.', 'Nueva York', 'Chicago', 2, 2),
(222, '¿Capital de Australia?', 'Sídney', 'Melbourne', 'Canberra', 'Perth', 3, 2),
(223, '¿Capital de Egipto?', 'Giza', 'El Cairo', 'Luxor', 'Asuán', 2, 2),
(224, '¿Capital de Grecia?', 'Esparta', 'Atenas', 'Creta', 'Salónica', 2, 2),
(225, '¿Capital de Turquía?', 'Estambul', 'Ankara', 'Izmir', 'Antalya', 2, 2),
(226, '¿Capital de China?', 'Shanghai', 'Beijing', 'Hong Kong', 'Shenzhen', 2, 2),
(227, '¿Capital de India?', 'Mumbai', 'Delhi', 'Calcuta', 'Chennai', 2, 2),
(228, '¿Capital de Rusia?', 'San Petersburgo', 'Moscú', 'Kiev', 'Minsk', 2, 2),
(229, '¿Capital de Sudáfrica?', 'Durban', 'Ciudad del Cabo', 'Pretoria', 'Johannesburgo', 3, 2),
(230, '¿Capital de Nigeria?', 'Lagos', 'Abuja', 'Kano', 'Ibadan', 2, 2),
(231, '¿Océano entre América y Europa?', 'Pacífico', 'Atlántico', 'Índico', 'Ártico', 2, 2),
(232, '¿País con forma de bota?', 'España', 'Italia', 'Grecia', 'Portugal', 2, 2),
(233, '¿Cordillera más larga?', 'Alpes', 'Himalaya', 'Andes', 'Rocosas', 3, 2),
(234, '¿Mar más grande?', 'Rojo', 'Mediterráneo', 'Caribe', 'Negro', 2, 2),
(235, '¿Capital de Portugal?', 'Lisboa', 'Oporto', 'Faro', 'Braga', 1, 2),
(236, '¿Capital de Suiza?', 'Zúrich', 'Ginebra', 'Berna', 'Lucerna', 3, 2),
(237, '¿Capital de Noruega?', 'Oslo', 'Bergen', 'Trondheim', 'Stavanger', 1, 2),
(238, '¿Capital de Suecia?', 'Estocolmo', 'Gotemburgo', 'Malmo', 'Uppsala', 1, 2),
(239, '¿Capital de Finlandia?', 'Helsinki', 'Turku', 'Tampere', 'Oulu', 1, 2),
(240, '¿Capital de Dinamarca?', 'Aarhus', 'Odense', 'Copenhague', 'Aalborg', 3, 2),
(241, '¿Capital de Bélgica?', 'Bruselas', 'Brujas', 'Gante', 'Lieja', 1, 2),
(242, '¿Capital de Holanda?', 'Ámsterdam', 'Rotterdam', 'Utrecht', 'La Haya', 1, 2),
(243, '¿Capital de Austria?', 'Viena', 'Salzburgo', 'Innsbruck', 'Graz', 1, 2),
(244, '¿Capital de Hungría?', 'Budapest', 'Debrecen', 'Szeged', 'Pécs', 1, 2),
(245, '¿Capital de Polonia?', 'Varsovia', 'Cracovia', 'Gdansk', 'Lodz', 1, 2),
(246, '¿Capital de Ucrania?', 'Kiev', 'Odesa', 'Járkov', 'Leópolis', 1, 2),
(247, '¿Capital de Marruecos?', 'Casablanca', 'Rabat', 'Marrakech', 'Fez', 2, 2),
(248, '¿Capital de Kenia?', 'Nairobi', 'Mombasa', 'Kisumu', 'Nakuru', 1, 2),
(249, '¿Capital de Etiopía?', 'Addis Abeba', 'Dire Dawa', 'Gondar', 'Mekelle', 1, 2),
(250, '¿Capital de Irán?', 'Teherán', 'Isfahán', 'Shiraz', 'Tabriz', 1, 2),
(251, '¿Capital de Irak?', 'Bagdad', 'Basora', 'Mosul', 'Kirkuk', 1, 2),
(252, '¿Capital de Arabia Saudita?', 'Riad', 'Yeda', 'La Meca', 'Medina', 1, 2),
(253, '¿Capital de Indonesia?', 'Yakarta', 'Bali', 'Bandung', 'Surabaya', 1, 2),
(254, '¿Capital de Tailandia?', 'Bangkok', 'Phuket', 'Chiang Mai', 'Krabi', 1, 2),
(255, '¿Capital de Vietnam?', 'Hanói', 'Ho Chi Minh', 'Da Nang', 'Hue', 1, 2),
(256, '¿Capital de Filipinas?', 'Manila', 'Cebú', 'Davao', 'Quezon', 1, 2),
(257, '¿Capital de Corea del Sur?', 'Seúl', 'Busan', 'Incheon', 'Daegu', 1, 2),
(258, '¿Capital de Corea del Norte?', 'Pyongyang', 'Kaesong', 'Hamhung', 'Chongjin', 1, 2),
(259, '¿Capital de Nueva Zelanda?', 'Wellington', 'Auckland', 'Christchurch', 'Hamilton', 1, 2),
(260, '¿Capital de Cuba?', 'La Habana', 'Santiago', 'Camagüey', 'Holguín', 1, 2),
(261, '¿Qué océano está al este de América?', 'Pacífico', 'Atlántico', 'Índico', 'Ártico', 2, 2),
(262, '¿Qué país tiene más población?', 'Estados Unidos', 'India', 'China', 'Rusia', 3, 2),
(263, '¿Qué continente tiene más países?', 'Europa', 'África', 'Asia', 'América', 2, 2),
(264, '¿Qué río pasa por Egipto?', 'Amazonas', 'Nilo', 'Danubio', 'Yangtsé', 2, 2),
(265, '¿Qué país está en América del Sur?', 'España', 'Brasil', 'Italia', 'Alemania', 2, 2),
(266, '¿Qué cordillera está en Europa?', 'Andes', 'Alpes', 'Himalaya', 'Rocosas', 2, 2),
(267, '¿Qué país limita con México al norte?', 'Guatemala', 'Belice', 'Estados Unidos', 'Canadá', 3, 2),
(268, '¿Qué mar baña las costas de México?', 'Rojo', 'Negro', 'Caribe', 'Caspio', 3, 2),
(269, '¿Qué país pertenece a Asia?', 'Francia', 'Japón', 'Chile', 'Egipto', 2, 2),
(270, '¿Qué continente es Australia?', 'Europa', 'Asia', 'Oceanía', 'África', 3, 2),
(271, '¿Dónde está el desierto del Sahara?', 'Asia', 'África', 'América', 'Europa', 2, 2),
(272, '¿Qué país tiene forma alargada en Sudamérica?', 'Perú', 'Chile', 'Brasil', 'Colombia', 2, 2),
(273, '¿Qué país es una isla?', 'Argentina', 'Australia', 'Bolivia', 'Paraguay', 2, 2),
(274, '¿Qué océano rodea Japón?', 'Atlántico', 'Índico', 'Pacífico', 'Ártico', 3, 2),
(275, '¿Qué país está en Europa?', 'Perú', 'Italia', 'México', 'Brasil', 2, 2),
(276, '¿Qué río pasa por Brasil?', 'Nilo', 'Amazonas', 'Yangtsé', 'Danubio', 2, 2),
(277, '¿Qué país tiene pirámides famosas?', 'Grecia', 'Egipto', 'India', 'China', 2, 2),
(278, '¿Qué continente está al sur de Europa?', 'Asia', 'África', 'Oceanía', 'América', 2, 2),
(279, '¿Qué país tiene más territorio en Europa?', 'Francia', 'Alemania', 'Rusia', 'España', 3, 2),
(280, '¿Qué capital está en América?', 'París', 'Madrid', 'Buenos Aires', 'Roma', 3, 2),
(281, '¿Qué país tiene idioma portugués?', 'México', 'Brasil', 'Perú', 'Chile', 2, 2),
(282, '¿Qué océano está al oeste de América?', 'Atlántico', 'Pacífico', 'Índico', 'Ártico', 2, 2),
(283, '¿Qué país es vecino de Argentina?', 'México', 'Chile', 'España', 'Canadá', 2, 2),
(284, '¿Qué país está en África?', 'Italia', 'Nigeria', 'Japón', 'Canadá', 2, 2),
(285, '¿Qué país está en Oceanía?', 'Australia', 'China', 'India', 'Egipto', 1, 2),
(286, '¿Qué continente es el más frío?', 'Europa', 'África', 'Antártida', 'Asia', 3, 2),
(287, '¿Qué país tiene la Torre Eiffel?', 'Italia', 'España', 'Francia', 'Alemania', 3, 2),
(288, '¿Qué país tiene el Coliseo?', 'Grecia', 'Italia', 'Egipto', 'Turquía', 2, 2),
(289, '¿Qué país tiene el Big Ben?', 'Francia', 'Italia', 'Reino Unido', 'España', 3, 2),
(290, '¿Qué país tiene la Estatua de la Libertad?', 'Canadá', 'Estados Unidos', 'México', 'Brasil', 2, 2),
(291, '¿Qué océano es el más frío?', 'Pacífico', 'Atlántico', 'Ártico', 'Índico', 3, 2),
(292, '¿Qué país está en Medio Oriente?', 'España', 'Irán', 'Brasil', 'Chile', 2, 2),
(293, '¿Qué continente tiene más habitantes?', 'África', 'Asia', 'Europa', 'Oceanía', 2, 2),
(294, '¿Qué país es más pequeño?', 'Rusia', 'Vaticano', 'China', 'India', 2, 2),
(295, '¿Qué país es europeo?', 'Argentina', 'Portugal', 'Perú', 'Colombia', 2, 2),
(296, '¿Qué país es asiático?', 'Italia', 'Corea del Sur', 'España', 'Francia', 2, 2),
(297, '¿Qué país está en Centroamérica?', 'México', 'Panamá', 'Argentina', 'Chile', 2, 2),
(298, '¿Qué país tiene selva amazónica?', 'Chile', 'Brasil', 'España', 'Canadá', 2, 2),
(299, '¿Qué país está en Norteamérica?', 'Perú', 'México', 'Brasil', 'Argentina', 2, 2),
(300, '¿Qué país está en África?', 'Suecia', 'Kenia', 'Italia', 'Japón', 2, 2),
(301, '¿Qué país tiene clima polar?', 'Brasil', 'Canadá', 'India', 'Egipto', 2, 2),
(302, '¿Qué país tiene clima desértico?', 'España', 'Egipto', 'Canadá', 'Japón', 2, 2),
(303, '¿Qué país tiene muchos volcanes?', 'Chile', 'Japón', 'Argentina', 'Brasil', 2, 2),
(304, '¿Qué país es archipiélago?', 'China', 'Indonesia', 'India', 'Egipto', 2, 2),
(305, '¿Qué país tiene más islas?', 'Indonesia', 'México', 'Brasil', 'España', 1, 2),
(306, '¿Qué océano está entre África y Australia?', 'Atlántico', 'Índico', 'Pacífico', 'Ártico', 2, 2),
(307, '¿Qué país tiene mayor extensión en África?', 'Egipto', 'Argelia', 'Sudáfrica', 'Nigeria', 2, 2),
(308, '¿Qué río atraviesa París?', 'Támesis', 'Sena', 'Danubio', 'Rin', 2, 2),
(309, '¿Qué país tiene la mayor cantidad de habitantes en América?', 'México', 'Brasil', 'Estados Unidos', 'Canadá', 3, 2),
(310, '¿Qué cordillera está en Asia?', 'Alpes', 'Andes', 'Himalaya', 'Pirineos', 3, 2),
(311, '¿Qué país limita con Francia?', 'Brasil', 'Alemania', 'China', 'Japón', 2, 2),
(312, '¿Qué lago es el más grande del mundo?', 'Victoria', 'Superior', 'Baikal', 'Titicaca', 2, 2),
(313, '¿Qué país tiene más volcanes activos?', 'Italia', 'Japón', 'Indonesia', 'Chile', 3, 2),
(314, '¿Qué continente tiene menos población?', 'Europa', 'Oceanía', 'Antártida', 'África', 3, 2),
(315, '¿Qué país es conocido por los fiordos?', 'España', 'Noruega', 'Italia', 'Egipto', 2, 2),
(316, '¿Qué país tiene la Gran Muralla?', 'India', 'China', 'Japón', 'Corea', 2, 2),
(317, '¿Qué río es el más largo de Europa?', 'Danubio', 'Rin', 'Volga', 'Támesis', 3, 2),
(318, '¿Qué país tiene la mayor superficie en Oceanía?', 'Fiyi', 'Nueva Zelanda', 'Australia', 'Papúa', 3, 2),
(319, '¿Qué país es una península?', 'Italia', 'Chile', 'Islandia', 'Cuba', 1, 2),
(320, '¿Qué mar separa Europa de África?', 'Rojo', 'Negro', 'Mediterráneo', 'Báltico', 3, 2),
(321, '¿Qué país tiene el canal de Suez?', 'Egipto', 'Turquía', 'Grecia', 'Israel', 1, 2),
(322, '¿Qué país tiene el canal de Panamá?', 'México', 'Colombia', 'Panamá', 'Perú', 3, 2),
(323, '¿Qué país está al norte de África?', 'Brasil', 'España', 'Egipto', 'Nigeria', 3, 2),
(324, '¿Qué continente tiene más desiertos?', 'Europa', 'África', 'América', 'Oceanía', 2, 2),
(325, '¿Qué país tiene el Everest?', 'India', 'Nepal', 'China', 'Bután', 2, 2),
(326, '¿Qué país está en los Balcanes?', 'España', 'Serbia', 'Suecia', 'Irlanda', 2, 2),
(327, '¿Qué océano baña Japón?', 'Índico', 'Atlántico', 'Pacífico', 'Ártico', 3, 2),
(328, '¿Qué país está en el Caribe?', 'Chile', 'Cuba', 'Perú', 'Bolivia', 2, 2),
(329, '¿Qué país es nórdico?', 'Italia', 'Noruega', 'España', 'Grecia', 2, 2),
(330, '¿Qué país es insular?', 'Alemania', 'Madagascar', 'Suiza', 'Austria', 2, 2),
(331, '¿Qué país limita con Brasil?', 'Chile', 'Argentina', 'México', 'España', 2, 2),
(332, '¿Qué país es asiático?', 'Portugal', 'Vietnam', 'Perú', 'Chile', 2, 2),
(333, '¿Qué país está en África?', 'Kenia', 'Italia', 'España', 'Japón', 1, 2),
(334, '¿Qué país es europeo?', 'Colombia', 'Polonia', 'México', 'Chile', 2, 2),
(335, '¿Qué país es oceánico?', 'Australia', 'India', 'China', 'Egipto', 1, 2),
(336, '¿Qué país tiene el río Mississippi?', 'Canadá', 'Estados Unidos', 'México', 'Brasil', 2, 2),
(337, '¿Qué país tiene el lago Titicaca?', 'Perú', 'Chile', 'Brasil', 'Argentina', 1, 2),
(338, '¿Qué país tiene el río Danubio?', 'Alemania', 'Brasil', 'China', 'Egipto', 1, 2),
(339, '¿Qué país tiene el río Yangtsé?', 'India', 'China', 'Japón', 'Corea', 2, 2),
(340, '¿Qué país tiene el río Nilo?', 'Sudáfrica', 'Egipto', 'España', 'Italia', 2, 2),
(341, '¿Qué país tiene el Sahara?', 'Egipto', 'Marruecos', 'Argelia', 'Todos', 4, 2),
(342, '¿Qué país tiene clima tropical?', 'Canadá', 'Brasil', 'Rusia', 'Suecia', 2, 2),
(343, '¿Qué país tiene clima frío?', 'México', 'Canadá', 'Brasil', 'India', 2, 2),
(344, '¿Qué país tiene clima templado?', 'España', 'Egipto', 'Groenlandia', 'Antártida', 1, 2),
(345, '¿Qué país tiene clima polar?', 'Brasil', 'Groenlandia', 'Italia', 'Egipto', 2, 2),
(346, '¿Qué país tiene tundra?', 'Rusia', 'México', 'India', 'Egipto', 1, 2),
(347, '¿Qué país tiene sabana?', 'Kenia', 'Alemania', 'Japón', 'Canadá', 1, 2),
(348, '¿Qué país tiene selva?', 'Brasil', 'España', 'Italia', 'Canadá', 1, 2),
(349, '¿Qué país tiene desierto?', 'Egipto', 'Noruega', 'Suecia', 'Finlandia', 1, 2),
(350, '¿Qué país tiene montaña?', 'Nepal', 'Cuba', 'Panamá', 'Uruguay', 1, 2),
(351, '¿Qué país tiene archipiélago?', 'Indonesia', 'Chile', 'Perú', 'Bolivia', 1, 2),
(352, '¿Qué país tiene glaciares?', 'Islandia', 'México', 'Egipto', 'India', 1, 2),
(353, '¿Qué país tiene llanuras?', 'Argentina', 'Japón', 'Suiza', 'Nepal', 1, 2),
(354, '¿Qué país tiene mesetas?', 'México', 'Italia', 'Canadá', 'Japón', 1, 2),
(355, '¿Qué país tiene volcanes?', 'México', 'Egipto', 'Brasil', 'Portugal', 1, 2),
(356, '¿Qué país está en el hemisferio norte?', 'Chile', 'México', 'Argentina', 'Australia', 2, 2),
(357, '¿Qué país está en el hemisferio sur?', 'España', 'Chile', 'Italia', 'Francia', 2, 2),
(358, '¿Qué país está en ambos hemisferios?', 'Brasil', 'España', 'Japón', 'Italia', 1, 2),
(359, '¿Qué país cruza el ecuador?', 'Ecuador', 'Chile', 'España', 'Canadá', 1, 2),
(360, '¿Qué país está en América Latina?', 'Brasil', 'Alemania', 'China', 'Japón', 1, 2),
(361, '¿Qué país está en Europa del Este?', 'Polonia', 'España', 'Francia', 'Italia', 1, 2),
(362, '¿Qué país está en Europa Occidental?', 'Francia', 'China', 'India', 'Japón', 1, 2),
(363, '¿Qué país está en Asia Central?', 'Kazajistán', 'España', 'Brasil', 'Italia', 1, 2),
(364, '¿Qué país está en Medio Oriente?', 'Israel', 'Chile', 'México', 'Argentina', 1, 2),
(365, '¿Qué país está en el Caribe?', 'República Dominicana', 'Perú', 'Bolivia', 'Paraguay', 1, 2),
(366, '¿Qué continente está completamente en el hemisferio sur?', 'Europa', 'África', 'Oceanía', 'Asia', 3, 2),
(367, '¿Qué país tiene mayor producción de petróleo?', 'México', 'Arabia Saudita', 'España', 'Chile', 2, 2),
(368, '¿Qué río pasa por Londres?', 'Sena', 'Danubio', 'Támesis', 'Rin', 3, 2),
(369, '¿Qué país tiene la mayor densidad de población?', 'Australia', 'Canadá', 'Bangladesh', 'Rusia', 3, 2),
(370, '¿Qué país tiene más territorio en América del Sur?', 'Argentina', 'Brasil', 'Perú', 'Colombia', 2, 2),
(371, '¿Qué océano está al sur de Asia?', 'Atlántico', 'Índico', 'Pacífico', 'Ártico', 2, 2),
(372, '¿Qué país tiene el monte Fuji?', 'China', 'Corea', 'Japón', 'Vietnam', 3, 2),
(373, '¿Qué país es conocido por los Alpes?', 'Suiza', 'Egipto', 'México', 'Brasil', 1, 2),
(374, '¿Qué país tiene el río Rin?', 'Alemania', 'Chile', 'India', 'Egipto', 1, 2),
(375, '¿Qué país tiene el río Sena?', 'Italia', 'España', 'Francia', 'Portugal', 3, 2),
(376, '¿Qué país tiene el río Támesis?', 'Alemania', 'Francia', 'Reino Unido', 'Italia', 3, 2),
(377, '¿Qué país tiene el lago Baikal?', 'China', 'Rusia', 'India', 'Japón', 2, 2),
(378, '¿Qué país tiene el desierto de Gobi?', 'China', 'India', 'Egipto', 'Japón', 1, 2),
(379, '¿Qué país tiene el Himalaya?', 'Nepal', 'Brasil', 'España', 'Italia', 1, 2),
(380, '¿Qué país tiene el volcán Etna?', 'España', 'Italia', 'Grecia', 'Francia', 2, 2),
(381, '¿Qué país tiene el volcán Popocatépetl?', 'México', 'Chile', 'Perú', 'Argentina', 1, 2),
(382, '¿Qué país tiene el río Ebro?', 'España', 'Italia', 'Francia', 'Portugal', 1, 2),
(383, '¿Qué país tiene el río Loira?', 'España', 'Italia', 'Francia', 'Alemania', 3, 2),
(384, '¿Qué país tiene el río Po?', 'Italia', 'España', 'Francia', 'Portugal', 1, 2),
(385, '¿Qué país tiene el río Volga?', 'Rusia', 'China', 'India', 'Japón', 1, 2),
(386, '¿Qué país tiene el lago Victoria?', 'Kenia', 'Egipto', 'Sudáfrica', 'Nigeria', 1, 2),
(387, '¿Qué país tiene el lago Superior?', 'Estados Unidos', 'México', 'Brasil', 'Chile', 1, 2),
(388, '¿Qué país tiene el lago Titicaca?', 'Bolivia', 'Perú', 'Chile', 'Argentina', 2, 2),
(389, '¿Qué país tiene el río Orinoco?', 'Venezuela', 'Chile', 'Perú', 'México', 1, 2),
(390, '¿Qué país tiene el río Paraná?', 'Brasil', 'Argentina', 'Chile', 'Perú', 2, 2),
(391, '¿Qué país tiene el río Colorado?', 'Estados Unidos', 'México', 'Canadá', 'Chile', 1, 2),
(392, '¿Qué país tiene el río Bravo?', 'México', 'Estados Unidos', 'Canadá', 'Guatemala', 2, 2),
(393, '¿Qué país tiene el río Ganges?', 'India', 'China', 'Japón', 'Corea', 1, 2),
(394, '¿Qué país tiene el río Mekong?', 'Vietnam', 'India', 'China', 'Japón', 1, 2),
(395, '¿Qué país tiene el río Congo?', 'Nigeria', 'Kenia', 'Congo', 'Egipto', 3, 2),
(396, '¿Qué país tiene el río Tigris?', 'Irak', 'Irán', 'Turquía', 'Siria', 1, 2),
(397, '¿Qué país tiene el río Éufrates?', 'Irak', 'Irán', 'Turquía', 'Siria', 1, 2),
(398, '¿Qué país tiene el río Támesis?', 'Reino Unido', 'Francia', 'Alemania', 'Italia', 1, 2),
(399, '¿Qué país tiene el río Sena?', 'Francia', 'España', 'Italia', 'Portugal', 1, 2),
(400, '¿Qué país tiene el río Danubio?', 'Austria', 'Brasil', 'México', 'Egipto', 1, 2),
(401, '¿Quién fue el último emperador mexica?', 'Moctezuma I', 'Cuauhtémoc', 'Cuitláhuac', 'Nezahualcóyotl', 2, 3),
(402, '¿En qué año cayó Tenochtitlán?', '1519', '1520', '1521', '1522', 3, 3),
(403, '¿Quién lideró la conquista de México?', 'Cristóbal Colón', 'Hernán Cortés', 'Pedro de Alvarado', 'Pizarro', 2, 3),
(404, '¿Qué civilización construyó Teotihuacán?', 'Mayas', 'Mexicas', 'Teotihuacanos', 'Olmecas', 3, 3),
(405, '¿Quién fue Moctezuma II?', 'Rey maya', 'Emperador mexica', 'Virrey', 'Sacerdote', 2, 3),
(406, '¿Qué evento inicia la Independencia de México?', 'Plan de Iguala', 'Grito de Dolores', 'Tratado de Córdoba', 'Constitución', 2, 3),
(407, '¿Quién dio el Grito de Dolores?', 'Morelos', 'Hidalgo', 'Allende', 'Guerrero', 2, 3),
(408, '¿En qué año inició la Independencia?', '1808', '1810', '1812', '1815', 2, 3),
(409, '¿Quién continuó la lucha tras Hidalgo?', 'Iturbide', 'Morelos', 'Santa Anna', 'Juárez', 2, 3),
(410, '¿Qué documento abolió la esclavitud?', 'Sentimientos de la Nación', 'Plan de Ayala', 'Plan de Iguala', 'Tratado', 1, 3),
(411, '¿Quién consumó la Independencia?', 'Hidalgo', 'Morelos', 'Iturbide', 'Guerrero', 3, 3),
(412, '¿En qué año terminó la Independencia?', '1810', '1815', '1821', '1824', 3, 3),
(413, '¿Qué fue el Primer Imperio Mexicano?', 'República', 'Monarquía', 'Dictadura', 'Virreinato', 2, 3),
(414, '¿Quién fue el primer emperador de México?', 'Guerrero', 'Iturbide', 'Juárez', 'Santa Anna', 2, 3),
(415, '¿Qué establecía el Plan de Iguala?', 'Religión, independencia y unión', 'Solo independencia', 'Reforma agraria', 'Guerra', 1, 3),
(416, '¿Quién fue Benito Juárez?', 'Militar', 'Presidente', 'Virrey', 'Sacerdote', 2, 3),
(417, '¿Qué leyes impulsó Juárez?', 'Leyes de Reforma', 'Leyes agrarias', 'Leyes coloniales', 'Leyes militares', 1, 3),
(418, '¿Qué separaban las Leyes de Reforma?', 'Clases sociales', 'Iglesia y Estado', 'Poderes', 'Territorios', 2, 3),
(419, '¿Quién fue presidente durante la Reforma?', 'Iturbide', 'Juárez', 'Díaz', 'Madero', 2, 3),
(420, '¿Qué guerra fue contra Francia?', 'Independencia', 'Reforma', 'Intervención Francesa', 'Revolución', 3, 3),
(421, '¿Quién fue el emperador impuesto por Francia?', 'Napoleón', 'Maximiliano', 'Iturbide', 'Carlos V', 2, 3),
(422, '¿Quién derrotó a los franceses el 5 de mayo?', 'Juárez', 'Zaragoza', 'Díaz', 'Madero', 2, 3),
(423, '¿En qué batalla ocurrió el 5 de mayo?', 'Chapultepec', 'Puebla', 'Veracruz', 'Oaxaca', 2, 3),
(424, '¿Quién fue Porfirio Díaz?', 'Presidente', 'Virrey', 'Rey', 'Sacerdote', 1, 3),
(425, '¿Qué periodo gobernó Díaz?', 'Porfiriato', 'Reforma', 'Colonia', 'Independencia', 1, 3),
(426, '¿Qué caracterizó el Porfiriato?', 'Democracia', 'Desigualdad', 'Guerra', 'Anarquía', 2, 3),
(427, '¿Quién inició la Revolución Mexicana?', 'Villa', 'Zapata', 'Madero', 'Carranza', 3, 3),
(428, '¿En qué año inició la Revolución?', '1900', '1910', '1920', '1930', 2, 3),
(429, '¿Quién fue Emiliano Zapata?', 'Presidente', 'Campesino líder', 'Rey', 'Virrey', 2, 3),
(430, '¿Qué lema tenía Zapata?', 'Sufragio efectivo', 'Tierra y libertad', 'Orden y progreso', 'Paz', 2, 3),
(431, '¿Quién fue Pancho Villa?', 'General revolucionario', 'Sacerdote', 'Virrey', 'Presidente', 1, 3),
(432, '¿Qué buscaba la Revolución?', 'Independencia', 'Justicia social', 'Conquista', 'Colonización', 2, 3),
(433, '¿Qué documento redactó Carranza?', 'Plan de Ayala', 'Constitución 1917', 'Plan de Iguala', 'Tratado', 2, 3),
(434, '¿Qué establece la Constitución de 1917?', 'Leyes actuales', 'Derechos sociales', 'Monarquía', 'Virreinato', 2, 3),
(435, '¿Quién fue Venustiano Carranza?', 'Rey', 'Presidente', 'Virrey', 'General español', 2, 3),
(436, '¿Qué fue el Plan de Ayala?', 'Documento de Zapata', 'Ley colonial', 'Tratado', 'Reforma', 1, 3),
(437, '¿Quién creó el Plan de Ayala?', 'Villa', 'Zapata', 'Carranza', 'Madero', 2, 3),
(438, '¿Qué pedía el Plan de Ayala?', 'Independencia', 'Tierras', 'Guerra', 'Monarquía', 2, 3),
(439, '¿Quién fue Francisco I. Madero?', 'Presidente', 'Rey', 'Virrey', 'Sacerdote', 1, 3),
(440, '¿Qué lema tenía Madero?', 'Tierra y libertad', 'Sufragio efectivo', 'Orden', 'Paz', 2, 3),
(441, '¿Qué buscaba Madero?', 'Reelección', 'Democracia', 'Monarquía', 'Conquista', 2, 3),
(442, '¿Quién traicionó a Madero?', 'Zapata', 'Huerta', 'Villa', 'Carranza', 2, 3),
(443, '¿Qué fue la Decena Trágica?', 'Fiesta', 'Golpe de Estado', 'Tratado', 'Ley', 2, 3),
(444, '¿Quién fue Victoriano Huerta?', 'Presidente', 'Rey', 'Virrey', 'Campesino', 1, 3),
(445, '¿Quién derrotó a Huerta?', 'Zapata', 'Villa y Carranza', 'Iturbide', 'Juárez', 2, 3),
(446, '¿Qué fue la Revolución Mexicana?', 'Guerra social', 'Conquista', 'Colonia', 'Imperio', 1, 3),
(447, '¿Qué buscaban los campesinos?', 'Riqueza', 'Tierra', 'Poder', 'Oro', 2, 3),
(448, '¿Qué buscaban los obreros?', 'Trabajo justo', 'Guerra', 'Tierras', 'Monarquía', 1, 3),
(449, '¿Qué país colonizó México?', 'Francia', 'España', 'Inglaterra', 'Portugal', 2, 3),
(450, '¿Qué periodo fue antes de la Independencia?', 'Revolución', 'Virreinato', 'Reforma', 'Porfiriato', 2, 3),
(451, '¿Quién fue Cuitláhuac?', 'Emperador mexica', 'Sacerdote', 'Virrey', 'Conquistador', 1, 3),
(452, '¿Quién fue Cuauhtémoc?', 'Rey maya', 'Último emperador mexica', 'Virrey', 'General español', 2, 3),
(453, '¿Qué era Tenochtitlán?', 'Ciudad mexica', 'País', 'Imperio europeo', 'Puerto', 1, 3),
(454, '¿Qué cultura fue la más antigua de Mesoamérica?', 'Mayas', 'Olmecas', 'Mexicas', 'Toltecas', 2, 3),
(455, '¿Qué eran los códices?', 'Edificios', 'Mapas', 'Libros antiguos', 'Armas', 3, 3),
(456, '¿Qué idioma hablaban los mexicas?', 'Maya', 'Náhuatl', 'Español', 'Latín', 2, 3),
(457, '¿Qué era un virrey?', 'Rey indígena', 'Representante del rey', 'Soldado', 'Sacerdote', 2, 3),
(458, '¿Qué periodo fue el Virreinato?', 'Gobierno español', 'Revolución', 'Imperio moderno', 'República', 1, 3),
(459, '¿Quién fundó Veracruz?', 'Colón', 'Cortés', 'Pizarro', 'Juárez', 2, 3),
(460, '¿Qué buscaban los españoles?', 'Educación', 'Oro', 'Paz', 'Comercio', 2, 3),
(461, '¿Qué enfermedad afectó a los indígenas?', 'Viruela', 'Gripe', 'Cólera', 'Sarampión', 1, 3),
(462, '¿Qué fue la Nueva España?', 'País independiente', 'Colonia española', 'Imperio indígena', 'Estado moderno', 2, 3),
(463, '¿Quién escribió “Sentimientos de la Nación”?', 'Hidalgo', 'Morelos', 'Allende', 'Iturbide', 2, 3),
(464, '¿Qué proponía ese documento?', 'Reelección', 'Independencia', 'Monarquía', 'Colonización', 2, 3),
(465, '¿Quién fue Ignacio Allende?', 'Virrey', 'Militar insurgente', 'Rey', 'Sacerdote', 2, 3),
(466, '¿Qué batalla fue importante en la Independencia?', 'Puebla', 'Monte de las Cruces', 'Chapultepec', 'Celaya', 2, 3),
(467, '¿Qué grupo apoyaba a España?', 'Insurgentes', 'Realistas', 'Campesinos', 'Obreros', 2, 3),
(468, '¿Qué grupo luchaba por independencia?', 'Realistas', 'Insurgentes', 'Virreyes', 'Reyes', 2, 3),
(469, '¿Qué fue el Tratado de Córdoba?', 'Fin de guerra', 'Inicio de colonia', 'Reforma', 'Ley', 1, 3),
(470, '¿Quién firmó ese tratado?', 'Iturbide', 'Juárez', 'Díaz', 'Villa', 1, 3),
(471, '¿Qué sistema político surgió tras independencia?', 'Monarquía', 'República', 'Imperio europeo', 'Virreinato', 2, 3),
(472, '¿Quién fue Antonio López de Santa Anna?', 'Rey', 'Presidente', 'Virrey', 'Sacerdote', 2, 3),
(473, '¿Qué perdió México en 1847?', 'Texas', 'California', 'Territorio frente a EE.UU.', 'Oaxaca', 3, 3),
(474, '¿Qué guerra fue contra EE.UU.?', 'Independencia', 'Reforma', 'Intervención', 'Guerra México-EE.UU.', 4, 3),
(475, '¿Qué fue la Reforma?', 'Cambio político', 'Guerra', 'Imperio', 'Colonia', 1, 3),
(476, '¿Quién apoyaba la Reforma?', 'Conservadores', 'Liberales', 'Reyes', 'Virreyes', 2, 3),
(477, '¿Quién apoyaba a la Iglesia?', 'Liberales', 'Conservadores', 'Campesinos', 'Obreros', 2, 3),
(478, '¿Qué buscaban los liberales?', 'Separar Iglesia', 'Unir Iglesia', 'Guerra', 'Monarquía', 1, 3),
(479, '¿Qué fue el Segundo Imperio?', 'República', 'Monarquía', 'Colonia', 'Revolución', 2, 3),
(480, '¿Quién apoyó ese imperio?', 'Francia', 'España', 'Portugal', 'Italia', 1, 3),
(481, '¿Qué hizo Juárez durante invasión?', 'Rendirse', 'Resistir', 'Huir', 'Negociar', 2, 3),
(482, '¿Qué pasó en Querétaro con Maximiliano?', 'Ganó', 'Murió', 'Huyó', 'Reinó', 2, 3),
(483, '¿Qué periodo sigue a la Reforma?', 'Porfiriato', 'Colonia', 'Independencia', 'Imperio', 1, 3),
(484, '¿Qué hizo Díaz al inicio?', 'Rebelión', 'Elección', 'Renuncia', 'Ley', 1, 3),
(485, '¿Qué lema tenía Díaz?', 'Orden y progreso', 'Tierra y libertad', 'Democracia', 'Igualdad', 1, 3),
(486, '¿Qué problema hubo en el Porfiriato?', 'Educación', 'Desigualdad', 'Paz', 'Industria', 2, 3),
(487, '¿Qué sector creció?', 'Industria', 'Campo', 'Escuelas', 'Hospitales', 1, 3),
(488, '¿Qué faltaba en el país?', 'Riqueza', 'Justicia', 'Tecnología', 'Comercio', 2, 3),
(489, '¿Quién se opuso a Díaz?', 'Madero', 'Juárez', 'Iturbide', 'Cortés', 1, 3),
(490, '¿Qué documento hizo Madero?', 'Plan de San Luis', 'Plan de Ayala', 'Constitución', 'Tratado', 1, 3),
(491, '¿Qué proponía ese plan?', 'Reelección', 'No reelección', 'Monarquía', 'Imperio', 2, 3),
(492, '¿Qué pasó en 1910?', 'Independencia', 'Revolución', 'Colonia', 'Imperio', 2, 3),
(493, '¿Quién luchó en el norte?', 'Zapata', 'Villa', 'Juárez', 'Allende', 2, 3),
(494, '¿Quién luchó en el sur?', 'Villa', 'Zapata', 'Carranza', 'Huerta', 2, 3),
(495, '¿Qué pedían los campesinos?', 'Oro', 'Tierras', 'Poder', 'Educación', 2, 3),
(496, '¿Qué buscaban los obreros?', 'Guerra', 'Derechos laborales', 'Tierras', 'Reyes', 2, 3),
(497, '¿Qué ocurrió tras revolución?', 'Dictadura', 'Nueva Constitución', 'Colonia', 'Imperio', 2, 3),
(498, '¿Qué artículo habla de educación?', '3', '27', '123', '1', 1, 3),
(499, '¿Qué artículo habla de tierras?', '3', '27', '123', '5', 2, 3),
(500, '¿Qué artículo habla de trabajo?', '3', '27', '123', '7', 3, 3),
(501, '¿Quién fue José María Morelos?', 'Insurgente', 'Virrey', 'Rey', 'Sacerdote', 1, 3),
(502, '¿Qué ciudad fue capital mexica?', 'Texcoco', 'Tenochtitlán', 'Tlaxcala', 'Cholula', 2, 3),
(503, '¿Qué cultura construyó Chichén Itzá?', 'Olmeca', 'Maya', 'Mexica', 'Tolteca', 2, 3),
(504, '¿Qué era el tributo en Mesoamérica?', 'Pago obligatorio', 'Fiesta', 'Ley', 'Castigo', 1, 3),
(505, '¿Qué imperio dominaba antes de la conquista?', 'Maya', 'Azteca', 'Olmeca', 'Tolteca', 2, 3),
(506, '¿Quién fue La Malinche?', 'Traductora', 'Reina', 'Virreina', 'Sacerdotisa', 1, 3),
(507, '¿Qué puerto fue clave en la conquista?', 'Acapulco', 'Veracruz', 'Cancún', 'Mazatlán', 2, 3),
(508, '¿Qué buscaban los conquistadores?', 'Cultura', 'Oro', 'Religión', 'Territorio', 2, 3),
(509, '¿Qué institución evangelizaba?', 'Ejército', 'Iglesia', 'Gobierno', 'Escuela', 2, 3),
(510, '¿Qué sistema explotaba indígenas?', 'Encomienda', 'Reforma', 'Imperio', 'Democracia', 1, 3),
(511, '¿Quién fue Miguel Hidalgo?', 'Insurgente', 'Virrey', 'Rey', 'General español', 1, 3),
(512, '¿Dónde inició el Grito?', 'Dolores', 'Puebla', 'Veracruz', 'Oaxaca', 1, 3),
(513, '¿Qué pedía Hidalgo?', 'Independencia', 'Reelección', 'Imperio', 'Colonización', 1, 3),
(514, '¿Quién fue Vicente Guerrero?', 'Insurgente', 'Virrey', 'Rey', 'Sacerdote', 1, 3),
(515, '¿Qué ideología tenía Guerrero?', 'Liberal', 'Conservador', 'Realista', 'Monárquico', 1, 3),
(516, '¿Qué grupo defendía al rey?', 'Insurgentes', 'Realistas', 'Campesinos', 'Obreros', 2, 3),
(517, '¿Qué guerra fue de 1810 a 1821?', 'Reforma', 'Independencia', 'Revolución', 'Intervención', 2, 3),
(518, '¿Quién fue Agustín de Iturbide?', 'Emperador', 'Virrey', 'Sacerdote', 'Rey', 1, 3),
(519, '¿Qué forma de gobierno propuso?', 'Monarquía', 'República', 'Dictadura', 'Democracia', 1, 3),
(520, '¿Qué pasó en 1821?', 'Independencia', 'Reforma', 'Revolución', 'Imperio', 1, 3),
(521, '¿Qué grupo apoyaba la monarquía?', 'Liberales', 'Conservadores', 'Obreros', 'Campesinos', 2, 3),
(522, '¿Qué grupo quería república?', 'Liberales', 'Conservadores', 'Reyes', 'Virreyes', 1, 3),
(523, '¿Quién fue Guadalupe Victoria?', 'Presidente', 'Virrey', 'Rey', 'Sacerdote', 1, 3),
(524, '¿Qué fue la primera república?', 'Gobierno democrático', 'Imperio', 'Colonia', 'Reforma', 1, 3),
(525, '¿Quién fue Anastasio Bustamante?', 'Presidente', 'Virrey', 'Rey', 'Sacerdote', 1, 3),
(526, '¿Qué fue la Guerra de Reforma?', 'Conflicto interno', 'Independencia', 'Imperio', 'Colonia', 1, 3),
(527, '¿Qué defendían conservadores?', 'Iglesia', 'Estado', 'Obreros', 'Campesinos', 1, 3),
(528, '¿Qué defendían liberales?', 'Estado laico', 'Monarquía', 'Iglesia', 'Imperio', 1, 3),
(529, '¿Qué fue la Constitución de 1857?', 'Ley', 'Tratado', 'Batalla', 'Imperio', 1, 3),
(530, '¿Quién fue Ignacio Zaragoza?', 'General', 'Presidente', 'Virrey', 'Rey', 1, 3),
(531, '¿Qué país invadió en 1862?', 'Francia', 'España', 'Portugal', 'Italia', 1, 3),
(532, '¿Qué fue el Segundo Imperio?', 'Monarquía', 'República', 'Colonia', 'Revolución', 1, 3),
(533, '¿Quién fue Carlota?', 'Emperatriz', 'Virreina', 'Reina indígena', 'Sacerdotisa', 1, 3),
(534, '¿Qué pasó en 1867?', 'Fin del imperio', 'Inicio revolución', 'Independencia', 'Colonia', 1, 3),
(535, '¿Quién restauró la república?', 'Juárez', 'Díaz', 'Madero', 'Villa', 1, 3),
(536, '¿Qué periodo siguió?', 'Porfiriato', 'Revolución', 'Colonia', 'Imperio', 1, 3),
(537, '¿Qué promovió Díaz?', 'Orden', 'Caos', 'Guerra', 'Democracia', 1, 3),
(538, '¿Qué problema persistió?', 'Pobreza', 'Riqueza', 'Igualdad', 'Educación', 1, 3),
(539, '¿Quién escribió Plan de San Luis?', 'Madero', 'Villa', 'Zapata', 'Carranza', 1, 3),
(540, '¿Qué denunciaba ese plan?', 'Fraude electoral', 'Guerra', 'Reforma', 'Imperio', 1, 3),
(541, '¿Qué ocurrió en 1910?', 'Revolución', 'Independencia', 'Colonia', 'Imperio', 1, 3),
(542, '¿Qué buscaban revolucionarios?', 'Justicia', 'Oro', 'Imperio', 'Reyes', 1, 3),
(543, '¿Quién fue líder del sur?', 'Zapata', 'Villa', 'Carranza', 'Huerta', 1, 3),
(544, '¿Quién fue líder del norte?', 'Villa', 'Zapata', 'Juárez', 'Allende', 1, 3),
(545, '¿Qué documento hizo Zapata?', 'Plan de Ayala', 'Plan de Iguala', 'Constitución', 'Tratado', 1, 3),
(546, '¿Qué exigía Zapata?', 'Tierra', 'Poder', 'Dinero', 'Educación', 1, 3),
(547, '¿Quién promulgó Constitución?', 'Carranza', 'Villa', 'Zapata', 'Huerta', 1, 3),
(548, '¿Qué año fue 1917?', 'Constitución', 'Reforma', 'Independencia', 'Imperio', 1, 3),
(549, '¿Qué artículo protege educación?', '3', '27', '123', '5', 1, 3),
(550, '¿Qué artículo protege tierra?', '27', '3', '123', '5', 1, 3),
(551, '¿Qué artículo protege trabajo?', '123', '27', '3', '5', 1, 3),
(552, '¿Qué grupo se benefició?', 'Obreros', 'Reyes', 'Virreyes', 'Conquistadores', 1, 3),
(553, '¿Qué buscaba el reparto agrario?', 'Tierra', 'Oro', 'Poder', 'Educación', 1, 3),
(554, '¿Qué fue el maximato?', 'Periodo político', 'Batalla', 'Ley', 'Imperio', 1, 3),
(555, '¿Quién fue Plutarco Elías Calles?', 'Presidente', 'Virrey', 'Rey', 'Sacerdote', 1, 3),
(556, '¿Qué conflicto religioso ocurrió?', 'Guerra Cristera', 'Independencia', 'Reforma', 'Imperio', 1, 3),
(557, '¿Quién fue Lázaro Cárdenas?', 'Presidente', 'Virrey', 'Rey', 'Sacerdote', 1, 3),
(558, '¿Qué nacionalizó Cárdenas?', 'Petróleo', 'Oro', 'Plata', 'Tierra', 1, 3),
(559, '¿Qué empresa surgió?', 'PEMEX', 'CFE', 'IMSS', 'SEP', 1, 3),
(560, '¿Qué buscó Cárdenas?', 'Justicia social', 'Imperio', 'Reyes', 'Virreinato', 1, 3),
(561, '¿Qué institución creó educación?', 'SEP', 'IMSS', 'PEMEX', 'CFE', 1, 3),
(562, '¿Qué partido dominó siglo XX?', 'PRI', 'PAN', 'PRD', 'MORENA', 1, 3),
(563, '¿Qué modelo económico hubo?', 'Industrialización', 'Colonización', 'Imperio', 'Reforma', 1, 3),
(564, '¿Qué movimiento ocurrió en 1968?', 'Estudiantil', 'Revolución', 'Independencia', 'Imperio', 1, 3),
(565, '¿Dónde ocurrió?', 'Tlatelolco', 'Chapultepec', 'Puebla', 'Oaxaca', 1, 3),
(566, '¿Qué buscaban estudiantes?', 'Democracia', 'Imperio', 'Reyes', 'Virreyes', 1, 3),
(567, '¿Qué pasó en 1982?', 'Crisis económica', 'Independencia', 'Revolución', 'Imperio', 1, 3),
(568, '¿Qué ocurrió en 1994?', 'TLCAN', 'Reforma', 'Independencia', 'Imperio', 1, 3),
(569, '¿Qué tratado fue TLCAN?', 'Comercial', 'Militar', 'Religioso', 'Político', 1, 3),
(570, '¿Qué buscaba?', 'Libre comercio', 'Guerra', 'Imperio', 'Colonia', 1, 3),
(571, '¿Qué pasó en 2000?', 'Cambio político', 'Revolución', 'Independencia', 'Imperio', 1, 3),
(572, '¿Quién ganó?', 'Fox', 'Díaz', 'Juárez', 'Madero', 1, 3),
(573, '¿Qué partido perdió poder?', 'PRI', 'PAN', 'PRD', 'MORENA', 1, 3),
(574, '¿Qué buscó México moderno?', 'Democracia', 'Imperio', 'Reyes', 'Virreinato', 1, 3),
(575, '¿Qué caracteriza actualidad?', 'Pluralidad', 'Monarquía', 'Imperio', 'Colonia', 1, 3),
(576, '¿Qué cultura destacó por cabezas colosales?', 'Olmeca', 'Maya', 'Mexica', 'Tolteca', 1, 3),
(577, '¿Qué ciudad maya es famosa en Yucatán?', 'Tula', 'Chichén Itzá', 'Teotihuacán', 'Monte Albán', 2, 3),
(578, '¿Qué civilización usó calendarios avanzados?', 'Mexica', 'Olmeca', 'Maya', 'Tolteca', 3, 3),
(579, '¿Qué ciudad fue capital zapoteca?', 'Tula', 'Palenque', 'Teotihuacán', 'Monte Albán', 4, 3),
(580, '¿Qué cultura habitó Tula?', 'Olmeca', 'Maya', 'Tolteca', 'Mexica', 3, 3),
(581, '¿Qué sistema permitió controlar tierras en colonia?', 'Repartimiento', 'Encomienda', 'Virreinato', 'Audiencia', 2, 3),
(582, '¿Quién representaba al rey en Nueva España?', 'Virrey', 'Presidente', 'General', 'Obispo', 1, 3),
(583, '¿Qué actividad fue base económica colonial?', 'Industria', 'Minería', 'Turismo', 'Pesca', 2, 3),
(584, '¿Qué ruta comercial unía Asia y América?', 'Ruta del oro', 'Galeón de Manila', 'Ruta del Pacífico', 'Camino real', 2, 3),
(585, '¿Qué grupo social estaba en la cima?', 'Criollos', 'Peninsulares', 'Mestizos', 'Indígenas', 2, 3),
(586, '¿Qué grupo buscaba independencia?', 'Realistas', 'Insurgentes', 'Virreyes', 'Reyes', 2, 3),
(587, '¿Qué personaje fue fusilado en 1811?', 'Morelos', 'Hidalgo', 'Guerrero', 'Allende', 2, 3),
(588, '¿Quién organizó el Congreso de Chilpancingo?', 'Morelos', 'Hidalgo', 'Iturbide', 'Juárez', 1, 3),
(589, '¿Qué documento proclamó independencia?', 'Sentimientos de la Nación', 'Plan de Iguala', 'Tratado', 'Constitución', 1, 3),
(590, '¿Qué ejército consumó independencia?', 'Realista', 'Trigarante', 'Insurgente', 'Federal', 2, 3),
(591, '¿Qué tratado reconoció independencia?', 'Córdoba', 'Versalles', 'Tordesillas', 'Guadalupe', 1, 3),
(592, '¿Qué forma de gobierno siguió?', 'Imperio', 'República', 'Colonia', 'Virreinato', 2, 3),
(593, '¿Qué personaje fue liberal?', 'Santa Anna', 'Juárez', 'Iturbide', 'Maximiliano', 2, 3),
(594, '¿Qué defendían conservadores?', 'Estado laico', 'Iglesia', 'Obreros', 'Campesinos', 2, 3),
(595, '¿Qué ley quitó bienes a la Iglesia?', 'Ley Lerdo', 'Plan Ayala', 'Tratado', 'Imperio', 1, 3),
(596, '¿Qué país apoyó a Maximiliano?', 'España', 'Francia', 'Portugal', 'Italia', 2, 3),
(597, '¿Qué ciudad fue sede imperial?', 'Puebla', 'Ciudad de México', 'Guadalajara', 'Oaxaca', 2, 3),
(598, '¿Qué conflicto debilitó a Díaz?', 'Reforma', 'Revolución', 'Independencia', 'Imperio', 2, 3),
(599, '¿Qué plan lanzó Zapata?', 'San Luis', 'Ayala', 'Iguala', 'Reforma', 2, 3),
(600, '¿Qué exigía ese plan?', 'Reelección', 'Tierras', 'Imperio', 'Colonia', 2, 3),
(601, '¿Qué es un algoritmo?', 'Secuencia de pasos', 'Lenguaje', 'Programa', 'Variable', 1, 4),
(602, '¿Qué es una variable?', 'Dato fijo', 'Contenedor de datos', 'Lenguaje', 'Función', 2, 4),
(603, '¿Qué tipo de dato es 10?', 'String', 'Entero', 'Booleano', 'Decimal', 2, 4),
(604, '¿Qué tipo de dato es \"Hola\"?', 'Entero', 'String', 'Booleano', 'Float', 2, 4),
(605, '¿Qué tipo de dato es verdadero/falso?', 'String', 'Entero', 'Booleano', 'Decimal', 3, 4),
(606, '¿Qué operador es suma?', '-', '*', '+', '/', 3, 4),
(607, '¿Qué operador es multiplicación?', '+', '-', '*', '/', 3, 4),
(608, '¿Qué operador es división?', '+', '-', '*', '/', 4, 4),
(609, '¿Qué operador es resta?', '+', '-', '*', '/', 2, 4),
(610, '¿Qué estructura repite código?', 'If', 'Loop', 'Variable', 'Clase', 2, 4),
(611, '¿Qué estructura es condicional?', 'Loop', 'If', 'Clase', 'Array', 2, 4),
(612, '¿Qué es un ciclo for?', 'Condición', 'Repetición', 'Variable', 'Función', 2, 4),
(613, '¿Qué es un ciclo while?', 'Condición repetitiva', 'Variable', 'Clase', 'Dato', 1, 4),
(614, '¿Qué es una función?', 'Dato', 'Bloque reutilizable', 'Loop', 'Variable', 2, 4),
(615, '¿Qué es un arreglo?', 'Dato único', 'Lista de datos', 'Condición', 'Función', 2, 4),
(616, '¿Qué índice inicia un arreglo?', '1', '0', '2', '-1', 2, 4),
(617, '¿Qué hace print?', 'Lee', 'Imprime', 'Guarda', 'Borra', 2, 4),
(618, '¿Qué es un lenguaje de programación?', 'Idioma', 'Sistema para programar', 'Dato', 'Variable', 2, 4),
(619, '¿Qué lenguaje es popular?', 'HTML', 'Python', 'CSS', 'HTTP', 2, 4),
(620, '¿Qué es HTML?', 'Lenguaje marcado', 'Lenguaje programación', 'Base datos', 'Sistema', 1, 4),
(621, '¿Qué es CSS?', 'Lenguaje estilo', 'Base datos', 'Programa', 'Variable', 1, 4),
(622, '¿Qué es JavaScript?', 'Lenguaje programación', 'Base datos', 'Sistema', 'Dato', 1, 4),
(623, '¿Qué es un error?', 'Resultado', 'Falla', 'Dato', 'Variable', 2, 4),
(624, '¿Qué es depurar?', 'Borrar', 'Corregir errores', 'Ejecutar', 'Guardar', 2, 4),
(625, '¿Qué es compilar?', 'Ejecutar', 'Traducir código', 'Borrar', 'Guardar', 2, 4),
(626, '¿Qué es interpretar?', 'Ejecutar línea a línea', 'Traducir', 'Borrar', 'Guardar', 1, 4),
(627, '¿Qué es pseudocódigo?', 'Código simple', 'Lenguaje real', 'Sistema', 'Dato', 1, 4),
(628, '¿Qué es una constante?', 'Variable cambiante', 'Valor fijo', 'Lista', 'Función', 2, 4),
(629, '¿Qué es un booleano?', 'Texto', 'Número', 'Verdadero/Falso', 'Lista', 3, 4),
(630, '¿Qué hace un if?', 'Repite', 'Evalúa condición', 'Guarda', 'Borra', 2, 4);
INSERT INTO `pregunta` (`id_pregunta`, `pregunta`, `opcion_1`, `opcion_2`, `opcion_3`, `opcion_4`, `correcto`, `id_categoria`) VALUES
(631, '¿Qué hace else?', 'Alternativa', 'Condición', 'Dato', 'Variable', 1, 4),
(632, '¿Qué es un switch?', 'Condicional múltiple', 'Loop', 'Variable', 'Dato', 1, 4),
(633, '¿Qué es una clase?', 'Objeto', 'Plantilla', 'Dato', 'Loop', 2, 4),
(634, '¿Qué es un objeto?', 'Instancia', 'Clase', 'Variable', 'Dato', 1, 4),
(635, '¿Qué es herencia?', 'Copiar código', 'Reutilizar clases', 'Borrar', 'Guardar', 2, 4),
(636, '¿Qué es encapsulación?', 'Ocultar datos', 'Mostrar', 'Borrar', 'Guardar', 1, 4),
(637, '¿Qué es polimorfismo?', 'Varias formas', 'Dato', 'Loop', 'Variable', 1, 4),
(638, '¿Qué es un método?', 'Función en clase', 'Dato', 'Variable', 'Loop', 1, 4),
(639, '¿Qué es input?', 'Salida', 'Entrada', 'Dato', 'Variable', 2, 4),
(640, '¿Qué es un IDE?', 'Editor', 'Entorno desarrollo', 'Dato', 'Variable', 2, 4),
(641, '¿Qué es Git?', 'Lenguaje', 'Control versiones', 'Base datos', 'IDE', 2, 4),
(642, '¿Qué es repositorio?', 'Archivo', 'Proyecto', 'Base datos', 'Carpeta', 4, 4),
(643, '¿Qué es commit?', 'Guardar cambios', 'Borrar', 'Ejecutar', 'Error', 1, 4),
(644, '¿Qué es push?', 'Enviar cambios', 'Borrar', 'Leer', 'Error', 1, 4),
(645, '¿Qué es pull?', 'Traer cambios', 'Enviar', 'Borrar', 'Guardar', 1, 4),
(646, '¿Qué es bug?', 'Error', 'Dato', 'Variable', 'Loop', 1, 4),
(647, '¿Qué es backend?', 'Servidor', 'Cliente', 'HTML', 'CSS', 1, 4),
(648, '¿Qué es frontend?', 'Interfaz', 'Servidor', 'Base datos', 'API', 1, 4),
(649, '¿Qué es base de datos?', 'Datos organizados', 'Lenguaje', 'IDE', 'Sistema', 1, 4),
(650, '¿Qué es SQL?', 'Lenguaje BD', 'Lenguaje web', 'IDE', 'Sistema', 1, 4),
(651, '¿Qué es un servidor?', 'Lenguaje', 'Computadora que da servicios', 'Variable', 'Dato', 2, 4),
(652, '¿Qué es un cliente?', 'Servidor', 'Base de datos', 'Usuario o app', 'Código', 3, 4),
(653, '¿Qué es HTTP?', 'Protocolo', 'Lenguaje', 'IDE', 'Variable', 1, 4),
(654, '¿Qué es URL?', 'Lenguaje', 'Dirección web', 'Código', 'Variable', 2, 4),
(655, '¿Qué es una API?', 'Dato', 'Variable', 'Interfaz de comunicación', 'Lenguaje', 3, 4),
(656, '¿Qué es JSON?', 'Lenguaje', 'Formato de datos', 'Sistema', 'Variable', 2, 4),
(657, '¿Qué es XML?', 'Lenguaje', 'Sistema', 'Formato de datos', 'Variable', 3, 4),
(658, '¿Qué es un loop infinito?', 'Error', 'Ciclo sin fin', 'Dato', 'Variable', 2, 4),
(659, '¿Qué hace break?', 'Entrar ciclo', 'Salir ciclo', 'Dato', 'Variable', 2, 4),
(660, '¿Qué hace continue?', 'Salir', 'Saltar iteración', 'Dato', 'Variable', 2, 4),
(661, '¿Qué es una pila (stack)?', 'Cola', 'Pila', 'Lista', 'Dato', 2, 4),
(662, '¿Qué es una cola (queue)?', 'Pila', 'Cola', 'Lista', 'Dato', 2, 4),
(663, '¿Qué es FIFO?', 'Último entra', 'Primero entra primero sale', 'Dato', 'Variable', 2, 4),
(664, '¿Qué es LIFO?', 'FIFO', 'Último entra primero sale', 'Dato', 'Variable', 2, 4),
(665, '¿Qué es recursividad?', 'Loop', 'Función que se llama a sí misma', 'Variable', 'Dato', 2, 4),
(666, '¿Qué es Big O?', 'Lenguaje', 'IDE', 'Complejidad', 'Variable', 3, 4),
(667, '¿Qué es compilador?', 'Ejecuta', 'Traduce código', 'Borra', 'Guarda', 2, 4),
(668, '¿Qué es intérprete?', 'Compila', 'Ejecuta código', 'Borra', 'Guarda', 2, 4),
(669, '¿Qué es debugging?', 'Ejecutar', 'Guardar', 'Corregir errores', 'Borrar', 3, 4),
(670, '¿Qué es framework?', 'Lenguaje', 'Dato', 'Variable', 'Estructura', 4, 4),
(671, '¿Qué es librería?', 'Lenguaje', 'Código reutilizable', 'Sistema', 'Dato', 2, 4),
(672, '¿Qué es null?', 'Dato', 'Valor vacío', 'Variable', 'Lista', 2, 4),
(673, '¿Qué es undefined?', 'Dato', 'Variable', 'Sin definir', 'Lista', 3, 4),
(674, '¿Qué es NaN?', 'Dato', 'Variable', 'Lista', 'No es número', 4, 4),
(675, '¿Qué es ==?', 'Comparación', 'Asignación', 'Suma', 'Resta', 1, 4),
(676, '¿Qué es =?', 'Asignación', 'Comparación', 'Suma', 'Resta', 1, 4),
(677, '¿Qué es >?', 'Mayor que', 'Menor', 'Igual', 'Diferente', 1, 4),
(678, '¿Qué es <?', 'Mayor', 'Menor que', 'Igual', 'Diferente', 2, 4),
(679, '¿Qué es >=?', 'Mayor o igual', 'Menor', 'Igual', 'Diferente', 1, 4),
(680, '¿Qué es <=?', 'Mayor', 'Menor o igual', 'Igual', 'Diferente', 2, 4),
(681, '¿Qué es !=?', 'Diferente', 'Igual', 'Mayor', 'Menor', 1, 4),
(682, '¿Qué es una cadena?', 'Texto', 'Número', 'Booleano', 'Lista', 1, 4),
(683, '¿Qué es concatenar?', 'Unir textos', 'Separar', 'Borrar', 'Guardar', 1, 4),
(684, '¿Qué es longitud de string?', 'Valor', 'Tamaño texto', 'Tipo', 'Dato', 2, 4),
(685, '¿Qué es parsear?', 'Guardar', 'Convertir datos', 'Borrar', 'Ejecutar', 2, 4),
(686, '¿Qué es cast?', 'Guardar', 'Ejecutar', 'Convertir tipo', 'Borrar', 3, 4),
(687, '¿Qué es float?', 'Entero', 'Decimal', 'Texto', 'Booleano', 2, 4),
(688, '¿Qué es int?', 'Decimal', 'Entero', 'Texto', 'Booleano', 2, 4),
(689, '¿Qué es char?', 'Número', 'Carácter', 'Lista', 'Objeto', 2, 4),
(690, '¿Qué es boolean?', 'Texto', 'Número', 'True/False', 'Lista', 3, 4),
(691, '¿Qué es función anónima?', 'Sin nombre', 'Con nombre', 'Variable', 'Dato', 1, 4),
(692, '¿Qué es callback?', 'Dato', 'Función como parámetro', 'Variable', 'Lista', 2, 4),
(693, '¿Qué es promesa?', 'Dato', 'Variable', 'Resultado futuro', 'Lista', 3, 4),
(694, '¿Qué es async?', 'Sincronía', 'Asíncrono', 'Dato', 'Variable', 2, 4),
(695, '¿Qué es await?', 'Ejecuta', 'Borra', 'Espera promesa', 'Guarda', 3, 4),
(696, '¿Qué es DOM?', 'Lenguaje', 'Dato', 'Variable', 'Estructura HTML', 4, 4),
(697, '¿Qué es evento?', 'Acción usuario', 'Dato', 'Variable', 'Lista', 1, 4),
(698, '¿Qué es backend?', 'Interfaz', 'Servidor', 'Estilo', 'Diseño', 2, 4),
(699, '¿Qué es frontend?', 'Servidor', 'Base de datos', 'Interfaz', 'API', 3, 4),
(700, '¿Qué es una base de datos?', 'Lenguaje', 'IDE', 'Datos organizados', 'Sistema', 3, 4),
(701, '¿Qué es SQL?', 'Lenguaje BD', 'Lenguaje web', 'IDE', 'Sistema', 1, 4),
(702, '¿Qué hace SELECT?', 'Insertar', 'Consultar', 'Eliminar', 'Actualizar', 2, 4),
(703, '¿Qué hace INSERT?', 'Consultar', 'Eliminar', 'Insertar datos', 'Actualizar', 3, 4),
(704, '¿Qué hace DELETE?', 'Consultar', 'Eliminar datos', 'Insertar', 'Actualizar', 2, 4),
(705, '¿Qué hace UPDATE?', 'Consultar', 'Eliminar', 'Actualizar datos', 'Insertar', 3, 4),
(706, '¿Qué es una tabla?', 'Fila', 'Columna', 'Datos', 'Estructura', 4, 4),
(707, '¿Qué es una fila?', 'Registro', 'Tabla', 'Columna', 'Dato', 1, 4),
(708, '¿Qué es una columna?', 'Registro', 'Campo', 'Tabla', 'Dato', 2, 4),
(709, '¿Qué es clave primaria?', 'Única', 'Duplicada', 'Variable', 'Lista', 1, 4),
(710, '¿Qué es clave foránea?', 'Relación', 'Dato', 'Variable', 'Lista', 1, 4),
(711, '¿Qué es JOIN?', 'Unir tablas', 'Separar', 'Borrar', 'Guardar', 1, 4),
(712, '¿Qué es WHERE?', 'Condición', 'Dato', 'Variable', 'Lista', 1, 4),
(713, '¿Qué es ORDER BY?', 'Ordenar', 'Filtrar', 'Borrar', 'Guardar', 1, 4),
(714, '¿Qué es GROUP BY?', 'Agrupar', 'Ordenar', 'Borrar', 'Guardar', 1, 4),
(715, '¿Qué es COUNT?', 'Contar', 'Sumar', 'Restar', 'Multiplicar', 1, 4),
(716, '¿Qué es SUM?', 'Contar', 'Sumar', 'Restar', 'Multiplicar', 2, 4),
(717, '¿Qué es AVG?', 'Promedio', 'Suma', 'Resta', 'Conteo', 1, 4),
(718, '¿Qué es MAX?', 'Máximo', 'Mínimo', 'Promedio', 'Conteo', 1, 4),
(719, '¿Qué es MIN?', 'Máximo', 'Mínimo', 'Promedio', 'Conteo', 2, 4),
(720, '¿Qué es índice?', 'Optimiza búsqueda', 'Dato', 'Variable', 'Lista', 1, 4),
(721, '¿Qué es normalización?', 'Organizar datos', 'Borrar', 'Guardar', 'Insertar', 1, 4),
(722, '¿Qué es redundancia?', 'Repetición datos', 'Optimización', 'Relación', 'Consulta', 1, 4),
(723, '¿Qué es API REST?', 'Interfaz web', 'Lenguaje', 'IDE', 'Dato', 1, 4),
(724, '¿Qué método es GET?', 'Obtener', 'Enviar', 'Borrar', 'Actualizar', 1, 4),
(725, '¿Qué método es POST?', 'Obtener', 'Enviar', 'Borrar', 'Actualizar', 2, 4),
(726, '¿Qué método es PUT?', 'Obtener', 'Enviar', 'Actualizar', 'Borrar', 3, 4),
(727, '¿Qué método es DELETE?', 'Obtener', 'Enviar', 'Actualizar', 'Borrar', 4, 4),
(728, '¿Qué es código limpio?', 'Legible', 'Complejo', 'Largo', 'Duplicado', 1, 4),
(729, '¿Qué es refactorizar?', 'Mejorar código', 'Borrar', 'Guardar', 'Ejecutar', 1, 4),
(730, '¿Qué es DRY?', 'No repetir código', 'Duplicar', 'Borrar', 'Guardar', 1, 4),
(731, '¿Qué es KISS?', 'Simple', 'Complejo', 'Largo', 'Difícil', 1, 4),
(732, '¿Qué es testing?', 'Pruebas', 'Errores', 'Datos', 'Variables', 1, 4),
(733, '¿Qué es test unitario?', 'Prueba pequeña', 'Prueba grande', 'Error', 'Dato', 1, 4),
(734, '¿Qué es integración?', 'Unir partes', 'Separar', 'Borrar', 'Guardar', 1, 4),
(735, '¿Qué es deploy?', 'Publicar app', 'Borrar', 'Guardar', 'Ejecutar', 1, 4),
(736, '¿Qué es producción?', 'Ambiente real', 'Prueba', 'Desarrollo', 'Local', 1, 4),
(737, '¿Qué es desarrollo?', 'Crear app', 'Publicar', 'Borrar', 'Guardar', 1, 4),
(738, '¿Qué es staging?', 'Prueba antes producción', 'Producción', 'Local', 'Error', 1, 4),
(739, '¿Qué es versionamiento?', 'Control cambios', 'Borrar', 'Guardar', 'Ejecutar', 1, 4),
(740, '¿Qué es rama (branch)?', 'Versión paralela', 'Dato', 'Variable', 'Lista', 1, 4),
(741, '¿Qué es merge?', 'Unir ramas', 'Separar', 'Borrar', 'Guardar', 1, 4),
(742, '¿Qué es conflicto?', 'Error en merge', 'Dato', 'Variable', 'Lista', 1, 4),
(743, '¿Qué es terminal?', 'Consola', 'Pantalla', 'Dato', 'Variable', 1, 4),
(744, '¿Qué es comando?', 'Instrucción', 'Dato', 'Variable', 'Lista', 1, 4),
(745, '¿Qué es script?', 'Código automatizado', 'Dato', 'Variable', 'Lista', 1, 4),
(746, '¿Qué es automatización?', 'Proceso automático', 'Manual', 'Error', 'Dato', 1, 4),
(747, '¿Qué es CI/CD?', 'Integración continua', 'Dato', 'Variable', 'Lista', 1, 4),
(748, '¿Qué es contenedor?', 'Entorno aislado', 'Dato', 'Variable', 'Lista', 1, 4),
(749, '¿Qué es Docker?', 'Contenedores', 'Lenguaje', 'IDE', 'Sistema', 1, 4),
(750, '¿Qué es virtualización?', 'Simular sistemas', 'Dato', 'Variable', 'Lista', 1, 4),
(751, '¿Qué es kernel?', 'Núcleo sistema', 'Dato', 'Variable', 'Lista', 1, 4),
(752, '¿Qué es sistema operativo?', 'Gestiona hardware', 'Dato', 'Variable', 'Lista', 1, 4),
(753, '¿Qué es memoria RAM?', 'Temporal', 'Permanente', 'Dato', 'Variable', 1, 4),
(754, '¿Qué es disco duro?', 'Almacenamiento', 'Memoria', 'CPU', 'Dato', 1, 4),
(755, '¿Qué es CPU?', 'Procesador', 'Memoria', 'Disco', 'Dato', 1, 4),
(756, '¿Qué es GPU?', 'Gráficos', 'CPU', 'Memoria', 'Dato', 1, 4),
(757, '¿Qué es byte?', 'Unidad datos', 'Dato', 'Variable', 'Lista', 1, 4),
(758, '¿Qué es bit?', '0 o 1', 'Dato', 'Variable', 'Lista', 1, 4),
(759, '¿Qué es compilación?', 'Traducción', 'Ejecución', 'Error', 'Dato', 1, 4),
(760, '¿Qué es ejecución?', 'Correr programa', 'Traducir', 'Borrar', 'Guardar', 1, 4),
(761, '¿Qué es stack overflow?', 'Error pila', 'Dato', 'Variable', 'Lista', 1, 4),
(762, '¿Qué es memoria heap?', 'Memoria dinámica', 'Dato', 'Variable', 'Lista', 1, 4),
(763, '¿Qué es un puntero?', 'Variable especial', 'Dirección de memoria', 'Lista', 'Función', 2, 4),
(764, '¿Qué es memoria dinámica?', 'Fija', 'Asignada en ejecución', 'Constante', 'Temporal', 2, 4),
(765, '¿Qué es compilación cruzada?', 'Compilar otro sistema', 'Ejecutar', 'Borrar', 'Guardar', 1, 4),
(766, '¿Qué es código fuente?', 'Código original', 'Ejecutable', 'Binario', 'Dato', 1, 4),
(767, '¿Qué es código binario?', '0 y 1', 'Texto', 'Lenguaje', 'Variable', 1, 4),
(768, '¿Qué es una excepción?', 'Error controlado', 'Dato', 'Variable', 'Lista', 1, 4),
(769, '¿Qué es try-catch?', 'Manejo errores', 'Loop', 'Variable', 'Dato', 1, 4),
(770, '¿Qué es throw?', 'Lanzar error', 'Capturar', 'Guardar', 'Borrar', 1, 4),
(771, '¿Qué es herencia múltiple?', 'Varias clases padre', 'Una clase', 'Dato', 'Variable', 1, 4),
(772, '¿Qué es interfaz?', 'Contrato métodos', 'Clase', 'Dato', 'Variable', 1, 4),
(773, '¿Qué es abstracción?', 'Simplificar', 'Complicar', 'Borrar', 'Guardar', 1, 4),
(774, '¿Qué es sobrecarga?', 'Mismo nombre', 'Variable', 'Dato', 'Lista', 1, 4),
(775, '¿Qué es override?', 'Sobrescribir', 'Duplicar', 'Borrar', 'Guardar', 1, 4),
(776, '¿Qué es paquete?', 'Agrupar clases', 'Dato', 'Variable', 'Lista', 1, 4),
(777, '¿Qué es namespace?', 'Espacio nombres', 'Dato', 'Variable', 'Lista', 1, 4),
(778, '¿Qué es framework MVC?', 'Modelo-Vista-Controlador', 'Dato', 'Variable', 'Lista', 1, 4),
(779, '¿Qué es controlador?', 'Gestiona lógica', 'Vista', 'Modelo', 'Dato', 1, 4),
(780, '¿Qué es modelo?', 'Datos', 'Vista', 'Control', 'Loop', 1, 4),
(781, '¿Qué es vista?', 'Interfaz', 'Dato', 'Variable', 'Lista', 1, 4),
(782, '¿Qué es ruta?', 'Dirección', 'Dato', 'Variable', 'Lista', 1, 4),
(783, '¿Qué es endpoint?', 'Punto API', 'Dato', 'Variable', 'Lista', 1, 4),
(784, '¿Qué es token?', 'Clave acceso', 'Dato', 'Variable', 'Lista', 1, 4),
(785, '¿Qué es JWT?', 'Token seguro', 'Dato', 'Variable', 'Lista', 1, 4),
(786, '¿Qué es autenticación 2FA?', 'Doble verificación', 'Dato', 'Variable', 'Lista', 1, 4),
(787, '¿Qué es hashing?', 'Encriptar', 'Dato', 'Variable', 'Lista', 1, 4),
(788, '¿Qué es escalabilidad?', 'Crecimiento sistema', 'Dato', 'Variable', 'Lista', 1, 4),
(789, '¿Qué es latencia?', 'Retraso', 'Dato', 'Variable', 'Lista', 1, 4),
(790, '¿Qué es ancho de banda?', 'Capacidad red', 'Dato', 'Variable', 'Lista', 1, 4),
(791, '¿Qué es throughput?', 'Rendimiento', 'Dato', 'Variable', 'Lista', 1, 4),
(792, '¿Qué es caché?', 'Memoria rápida', 'Dato', 'Variable', 'Lista', 1, 4),
(793, '¿Qué es CDN?', 'Red distribución', 'Dato', 'Variable', 'Lista', 1, 4),
(794, '¿Qué es balanceador carga?', 'Distribuye tráfico', 'Dato', 'Variable', 'Lista', 1, 4),
(795, '¿Qué es microservicio?', 'Servicio pequeño', 'Dato', 'Variable', 'Lista', 1, 4),
(796, '¿Qué es monolito?', 'Sistema único', 'Dato', 'Variable', 'Lista', 1, 4),
(797, '¿Qué es log?', 'Registro', 'Dato', 'Variable', 'Lista', 1, 4),
(798, '¿Qué es monitoreo?', 'Supervisión', 'Dato', 'Variable', 'Lista', 1, 4),
(799, '¿Qué es alerta?', 'Aviso', 'Dato', 'Variable', 'Lista', 1, 4),
(800, '¿Qué es rollback?', 'Revertir cambios', 'Dato', 'Variable', 'Lista', 1, 4),
(801, '¿Qué es el sistema de frenos?', 'Acelerar', 'Detener vehículo', 'Lubricar', 'Enfriar', 2, 5),
(802, '¿Qué líquido usan los frenos?', 'Aceite', 'Agua', 'Líquido de frenos', 'Gasolina', 3, 5),
(803, '¿Qué es el pedal del freno?', 'Acelerar', 'Encender', 'Apagar', 'Detener', 4, 5),
(804, '¿Qué hace el acelerador?', 'Frenar', 'Aumentar velocidad', 'Enfriar', 'Lubricar', 2, 5),
(805, '¿Qué es el sistema eléctrico?', 'Fuerza mecánica', 'Energía eléctrica', 'Aire', 'Combustible', 2, 5),
(806, '¿Qué es la bujía?', 'Enfriar', 'Frenar', 'Generar chispa', 'Lubricar', 3, 5),
(807, '¿Qué es el cigüeñal?', 'Freno', 'Transforma movimiento', 'Batería', 'Filtro', 2, 5),
(808, '¿Qué es el pistón?', 'Enfría', 'Se mueve en cilindro', 'Frena', 'Filtra', 2, 5),
(809, '¿Qué es el cilindro?', 'Parte motor', 'Freno', 'Batería', 'Luz', 1, 5),
(810, '¿Qué es el árbol de levas?', 'Control válvulas', 'Freno', 'Luz', 'Filtro', 1, 5),
(811, '¿Qué hace la válvula?', 'Deja pasar mezcla', 'Frena', 'Lubrica', 'Enfría', 1, 5),
(812, '¿Qué es mezcla aire-combustible?', 'Energía', 'Combustión', 'Lubricante', 'Freno', 2, 5),
(813, '¿Qué es encendido?', 'Inicio combustión', 'Freno', 'Lubrica', 'Enfría', 1, 5),
(814, '¿Qué es sistema de escape?', 'Entrada aire', 'Salida gases', 'Freno', 'Batería', 2, 5),
(815, '¿Qué es silenciador?', 'Reduce ruido', 'Acelera', 'Lubrica', 'Enfría', 1, 5),
(816, '¿Qué es transmisión CVT?', 'Manual', 'Automática continua', 'Eléctrica', 'Híbrida', 2, 5),
(817, '¿Qué es diferencial?', 'Reparte fuerza', 'Frena', 'Enfría', 'Lubrica', 1, 5),
(818, '¿Qué es eje?', 'Soporte ruedas', 'Motor', 'Freno', 'Batería', 1, 5),
(819, '¿Qué es amortiguador?', 'Reduce impacto', 'Acelera', 'Lubrica', 'Frena', 1, 5),
(820, '¿Qué es resorte?', 'Absorbe golpes', 'Frena', 'Acelera', 'Lubrica', 1, 5),
(821, '¿Qué es alineación?', 'Ajuste ruedas', 'Cambio aceite', 'Freno', 'Motor', 1, 5),
(822, '¿Qué es balanceo?', 'Equilibrar ruedas', 'Freno', 'Motor', 'Batería', 1, 5),
(823, '¿Qué es tracción?', 'Movimiento ruedas', 'Freno', 'Motor', 'Batería', 1, 5),
(824, '¿Qué es tracción delantera?', 'Ruedas delanteras', 'Traseras', 'Ambas', 'Ninguna', 1, 5),
(825, '¿Qué es tracción trasera?', 'Delantera', 'Trasera', 'Ambas', 'Ninguna', 2, 5),
(826, '¿Qué es tracción 4x4?', 'Dos ruedas', 'Cuatro ruedas', 'Motor', 'Freno', 2, 5),
(827, '¿Qué es dirección hidráulica?', 'Ayuda girar', 'Freno', 'Motor', 'Batería', 1, 5),
(828, '¿Qué es dirección eléctrica?', 'Motor eléctrico', 'Freno', 'Lubrica', 'Enfría', 1, 5),
(829, '¿Qué es torque motor?', 'Fuerza giro', 'Velocidad', 'Peso', 'Altura', 1, 5),
(830, '¿Qué es caballos de fuerza?', 'Potencia', 'Peso', 'Altura', 'Tiempo', 1, 5),
(831, '¿Qué es combustible diésel?', 'Gasolina', 'Diésel', 'Electricidad', 'Gas', 2, 5),
(832, '¿Qué es gasolina magna?', 'Combustible', 'Aceite', 'Agua', 'Aire', 1, 5),
(833, '¿Qué es gasolina premium?', 'Mayor octanaje', 'Menor', 'Agua', 'Aire', 1, 5),
(834, '¿Qué es octanaje?', 'Calidad combustible', 'Peso', 'Altura', 'Tiempo', 1, 5),
(835, '¿Qué es sistema híbrido?', 'Gasolina+eléctrico', 'Solo gasolina', 'Solo diésel', 'Manual', 1, 5),
(836, '¿Qué es vehículo eléctrico?', 'Gasolina', 'Diésel', 'Electricidad', 'Híbrido', 3, 5),
(837, '¿Qué es carga batería?', 'Energía', 'Aire', 'Agua', 'Gasolina', 1, 5),
(838, '¿Qué es mantenimiento preventivo?', 'Evitar fallas', 'Reparar', 'Cambiar motor', 'Frenar', 1, 5),
(839, '¿Qué es mantenimiento correctivo?', 'Evitar', 'Reparar fallas', 'Frenar', 'Lubricar', 2, 5),
(840, '¿Qué es diagnóstico?', 'Detectar falla', 'Frenar', 'Lubricar', 'Acelerar', 1, 5),
(841, '¿Qué es escáner automotriz?', 'Lee fallas', 'Frena', 'Lubrica', 'Acelera', 1, 5),
(842, '¿Qué es sensor?', 'Detecta cambios', 'Frena', 'Lubrica', 'Acelera', 1, 5),
(843, '¿Qué es sensor oxígeno?', 'Mide gases', 'Frena', 'Lubrica', 'Acelera', 1, 5),
(844, '¿Qué es sensor temperatura?', 'Mide calor', 'Frena', 'Lubrica', 'Acelera', 1, 5),
(845, '¿Qué es ECU?', 'Computadora auto', 'Motor', 'Freno', 'Batería', 1, 5),
(846, '¿Qué es sistema inyección?', 'Inyecta combustible', 'Frena', 'Lubrica', 'Enfría', 1, 5),
(847, '¿Qué es carburador?', 'Mezcla aire', 'Frena', 'Lubrica', 'Enfría', 1, 5),
(848, '¿Qué es turbo?', 'Aumenta potencia', 'Frena', 'Lubrica', 'Enfría', 1, 5),
(849, '¿Qué es intercooler?', 'Enfría aire', 'Frena', 'Lubrica', 'Acelera', 1, 5),
(850, '¿Qué es válvula EGR?', 'Reduce emisiones', 'Frena', 'Lubrica', 'Acelera', 1, 5),
(851, '¿Qué hace el radiador?', 'Lubrica', 'Enfría el motor', 'Acelera', 'Frena', 2, 5),
(852, '¿Qué es el aceite del motor?', 'Lubricante', 'Combustible', 'Refrigerante', 'Gas', 1, 5),
(853, '¿Qué mide el tacómetro?', 'Velocidad', 'Combustible', 'RPM', 'Temperatura', 3, 5),
(854, '¿Qué es el embrague?', 'Freno', 'Conecta motor', 'Batería', 'Filtro', 2, 5),
(855, '¿Qué hace el alternador?', 'Frena', 'Lubrica', 'Genera electricidad', 'Enfría', 3, 5),
(856, '¿Qué es la batería?', 'Almacena energía', 'Motor', 'Freno', 'Radiador', 1, 5),
(857, '¿Qué es ABS?', 'Sistema frenos', 'Motor', 'Batería', 'Filtro', 1, 5),
(858, '¿Qué hace el ABS?', 'Acelera', 'Evita bloqueo', 'Lubrica', 'Enfría', 2, 5),
(859, '¿Qué es el pistón?', 'Se mueve en cilindro', 'Frena', 'Lubrica', 'Filtra', 1, 5),
(860, '¿Qué hace el escape?', 'Entrada aire', 'Salida gases', 'Freno', 'Motor', 2, 5),
(861, '¿Qué es torque?', 'Velocidad', 'Peso', 'Fuerza giro', 'Altura', 3, 5),
(862, '¿Qué es potencia?', 'Energía motor', 'Peso', 'Altura', 'Tiempo', 1, 5),
(863, '¿Qué es un sensor?', 'Detecta cambios', 'Frena', 'Lubrica', 'Acelera', 1, 5),
(864, '¿Qué hace la ECU?', 'Motor', 'Computadora auto', 'Freno', 'Batería', 2, 5),
(865, '¿Qué es combustible?', 'Energía', 'Aceite', 'Aire', 'Agua', 1, 5),
(866, '¿Qué es gasolina premium?', 'Mayor octanaje', 'Menor', 'Agua', 'Aire', 1, 5),
(867, '¿Qué es un motor eléctrico?', 'Gasolina', 'Diésel', 'Electricidad', 'Híbrido', 3, 5),
(868, '¿Qué es un híbrido?', 'Gas+eléctrico', 'Solo gasolina', 'Solo diésel', 'Manual', 1, 5),
(869, '¿Qué hace el freno?', 'Acelera', 'Detiene', 'Lubrica', 'Enfría', 2, 5),
(870, '¿Qué es suspensión?', 'Absorbe golpes', 'Frena', 'Acelera', 'Lubrica', 1, 5),
(871, '¿Qué es llanta?', 'Rueda', 'Motor', 'Batería', 'Freno', 1, 5),
(872, '¿Qué pasa con baja presión?', 'Mejora', 'Desgaste', 'Acelera', 'Enfría', 2, 5),
(873, '¿Qué es el filtro de aire?', 'Limpia aire', 'Frena', 'Lubrica', 'Acelera', 1, 5),
(874, '¿Qué hace el catalizador?', 'Reduce emisiones', 'Acelera', 'Frena', 'Lubrica', 1, 5),
(875, '¿Qué es el tablero?', 'Panel info', 'Motor', 'Freno', 'Batería', 1, 5),
(876, '¿Qué es un faro?', 'Luz', 'Motor', 'Freno', 'Batería', 1, 5),
(877, '¿Qué es dirección?', 'Control volante', 'Freno', 'Motor', 'Batería', 1, 5),
(878, '¿Qué es transmisión?', 'Pasa energía', 'Frena', 'Lubrica', 'Enfría', 1, 5),
(879, '¿Qué es marcha?', 'Cambio velocidad', 'Freno', 'Motor', 'Batería', 1, 5),
(880, '¿Qué es el clutch?', 'Embrague', 'Motor', 'Freno', 'Batería', 1, 5),
(881, '¿Qué hace el acelerador?', 'Frena', 'Aumenta velocidad', 'Lubrica', 'Enfría', 2, 5),
(882, '¿Qué es un escáner?', 'Lee fallas', 'Frena', 'Lubrica', 'Acelera', 1, 5),
(883, '¿Qué es mantenimiento preventivo?', 'Evita fallas', 'Repara', 'Frena', 'Lubrica', 1, 5),
(884, '¿Qué es mantenimiento correctivo?', 'Evita', 'Repara fallas', 'Frena', 'Lubrica', 2, 5),
(885, '¿Qué es el turbo?', 'Aumenta potencia', 'Frena', 'Lubrica', 'Enfría', 1, 5),
(886, '¿Qué es el intercooler?', 'Enfría aire', 'Frena', 'Lubrica', 'Acelera', 1, 5),
(887, '¿Qué es el diferencial?', 'Distribuye fuerza', 'Frena', 'Enfría', 'Lubrica', 1, 5),
(888, '¿Qué es el eje?', 'Soporte ruedas', 'Motor', 'Freno', 'Batería', 1, 5),
(889, '¿Qué es el amortiguador?', 'Reduce impactos', 'Acelera', 'Lubrica', 'Frena', 1, 5),
(890, '¿Qué es el resorte?', 'Absorbe golpes', 'Frena', 'Acelera', 'Lubrica', 1, 5),
(891, '¿Qué es la válvula?', 'Paso mezcla', 'Frena', 'Lubrica', 'Enfría', 1, 5),
(892, '¿Qué es combustión?', 'Explosión controlada', 'Freno', 'Aire', 'Agua', 1, 5),
(893, '¿Qué es el cigüeñal?', 'Filtro', 'Freno', 'Transforma movimiento', 'Batería', 3, 5),
(894, '¿Qué es el árbol de levas?', 'Frenos', 'Luces', 'Válvulas', 'Batería', 3, 5),
(895, '¿Qué es tracción trasera?', 'Delantera', 'Trasera', 'Ambas', 'Ninguna', 2, 5),
(896, '¿Qué es tracción 4x4?', 'Dos ruedas', 'Cuatro ruedas', 'Motor', 'Freno', 2, 5),
(897, '¿Qué es dirección hidráulica?', 'Ayuda girar', 'Freno', 'Motor', 'Batería', 1, 5),
(898, '¿Qué es dirección eléctrica?', 'Motor eléctrico', 'Freno', 'Lubrica', 'Enfría', 1, 5),
(899, '¿Qué mide RPM?', 'Revoluciones', 'Velocidad', 'Tiempo', 'Peso', 1, 5),
(900, '¿Qué es un diésel?', 'Gasolina', 'Diésel', 'Eléctrico', 'Híbrido', 2, 5),
(901, '¿Qué es el sistema de enfriamiento?', 'Acelera', 'Mantiene temperatura', 'Frena', 'Lubrica', 2, 5),
(902, '¿Qué componente enfría el motor?', 'Alternador', 'Radiador', 'Bujía', 'Filtro', 2, 5),
(903, '¿Qué es el anticongelante?', 'Combustible', 'Lubricante', 'Refrigerante', 'Gas', 3, 5),
(904, '¿Qué hace la bomba de agua?', 'Lubrica', 'Enfría', 'Circula refrigerante', 'Acelera', 3, 5),
(905, '¿Qué es el termostato?', 'Controla temperatura', 'Frena', 'Lubrica', 'Acelera', 1, 5),
(906, '¿Qué es sistema de lubricación?', 'Enfría', 'Reduce fricción', 'Acelera', 'Frena', 2, 5),
(907, '¿Qué pasa sin aceite?', 'Mejora', 'Se daña motor', 'Acelera', 'Enfría', 2, 5),
(908, '¿Qué es filtro de aceite?', 'Limpia aceite', 'Frena', 'Acelera', 'Enfría', 1, 5),
(909, '¿Qué es viscosidad?', 'Espesor', 'Velocidad', 'Altura', 'Peso', 1, 5),
(910, '¿Qué es presión de aceite?', 'Fuerza aceite', 'Velocidad', 'Peso', 'Altura', 1, 5),
(911, '¿Qué es sistema de encendido?', 'Inicia combustión', 'Frena', 'Lubrica', 'Enfría', 1, 5),
(912, '¿Qué es la chispa?', 'Explosión', 'Encendido', 'Freno', 'Aire', 2, 5),
(913, '¿Qué hace la bobina?', 'Genera chispa', 'Frena', 'Lubrica', 'Acelera', 1, 5),
(914, '¿Qué es distribuidor?', 'Reparte chispa', 'Frena', 'Lubrica', 'Acelera', 1, 5),
(915, '¿Qué es bujía defectuosa?', 'Falla motor', 'Acelera', 'Enfría', 'Lubrica', 1, 5),
(916, '¿Qué es sistema de admisión?', 'Entrada aire', 'Salida gases', 'Freno', 'Motor', 1, 5),
(917, '¿Qué es filtro aire sucio?', 'Mejora', 'Reduce rendimiento', 'Acelera', 'Enfría', 2, 5),
(918, '¿Qué es mezcla rica?', 'Mucho combustible', 'Poco', 'Nada', 'Aire', 1, 5),
(919, '¿Qué es mezcla pobre?', 'Mucho aire', 'Poco aire', 'Nada', 'Gasolina', 1, 5),
(920, '¿Qué es detonación?', 'Explosión irregular', 'Normal', 'Silenciosa', 'Lenta', 1, 5),
(921, '¿Qué es transmisión automática?', 'Manual', 'Automática', 'Motor', 'Freno', 2, 5),
(922, '¿Qué es caja de cambios?', 'Transmisión', 'Freno', 'Motor', 'Batería', 1, 5),
(923, '¿Qué hace engranaje?', 'Transmite fuerza', 'Frena', 'Lubrica', 'Enfría', 1, 5),
(924, '¿Qué es relación de transmisión?', 'Velocidad/torque', 'Peso', 'Altura', 'Tiempo', 1, 5),
(925, '¿Qué es reversa?', 'Marcha atrás', 'Adelante', 'Freno', 'Neutro', 1, 5),
(926, '¿Qué es neutro?', 'Sin marcha', 'Freno', 'Motor', 'Batería', 1, 5),
(927, '¿Qué es sistema de frenos hidráulico?', 'Líquido', 'Aire', 'Gasolina', 'Electricidad', 1, 5),
(928, '¿Qué es pastilla de freno?', 'Fricción', 'Motor', 'Batería', 'Filtro', 1, 5),
(929, '¿Qué es disco de freno?', 'Superficie frenado', 'Motor', 'Batería', 'Filtro', 1, 5),
(930, '¿Qué es líquido de frenos?', 'Aceite', 'Agua', 'Especial', 'Gasolina', 3, 5),
(931, '¿Qué es desgaste de frenos?', 'Uso', 'Mejora', 'Acelera', 'Enfría', 1, 5),
(932, '¿Qué es sistema eléctrico automotriz?', 'Energía', 'Freno', 'Motor', 'Gasolina', 1, 5),
(933, '¿Qué es fusible?', 'Protege circuito', 'Frena', 'Lubrica', 'Acelera', 1, 5),
(934, '¿Qué es cableado?', 'Conecta', 'Frena', 'Lubrica', 'Acelera', 1, 5),
(935, '¿Qué es cortocircuito?', 'Falla eléctrica', 'Mejora', 'Acelera', 'Enfría', 1, 5),
(936, '¿Qué es iluminación?', 'Luces', 'Motor', 'Freno', 'Batería', 1, 5),
(937, '¿Qué es luz alta?', 'Mayor alcance', 'Menor', 'Media', 'Nada', 1, 5),
(938, '¿Qué es luz baja?', 'Menor alcance', 'Mayor', 'Media', 'Nada', 1, 5),
(939, '¿Qué es intermitente?', 'Señal giro', 'Motor', 'Freno', 'Batería', 1, 5),
(940, '¿Qué es luz freno?', 'Indica frenar', 'Acelera', 'Enfría', 'Lubrica', 1, 5),
(941, '¿Qué es sensor velocidad?', 'Mide velocidad', 'Frena', 'Lubrica', 'Acelera', 1, 5),
(942, '¿Qué es sensor MAP?', 'Mide presión', 'Frena', 'Lubrica', 'Acelera', 1, 5),
(943, '¿Qué es sensor MAF?', 'Mide aire', 'Frena', 'Lubrica', 'Acelera', 1, 5),
(944, '¿Qué es sensor TPS?', 'Posición acelerador', 'Frena', 'Lubrica', 'Acelera', 1, 5),
(945, '¿Qué es sensor ABS?', 'Detecta ruedas', 'Frena', 'Lubrica', 'Acelera', 1, 5),
(946, '¿Qué es sistema híbrido serie?', 'Motor eléctrico', 'Gasolina', 'Diésel', 'Manual', 1, 5),
(947, '¿Qué es sistema híbrido paralelo?', 'Ambos motores', 'Solo uno', 'Manual', 'Eléctrico', 1, 5),
(948, '¿Qué es regeneración energía?', 'Recupera energía', 'Pierde', 'Acelera', 'Frena', 1, 5),
(949, '¿Qué es cargador eléctrico?', 'Carga batería', 'Frena', 'Lubrica', 'Acelera', 1, 5),
(950, '¿Qué es autonomía?', 'Distancia', 'Velocidad', 'Peso', 'Tiempo', 1, 5),
(951, '¿Qué es inspección vehicular?', 'Revisión', 'Freno', 'Motor', 'Batería', 1, 5),
(952, '¿Qué es emisión contaminante?', 'Gases', 'Agua', 'Aire', 'Aceite', 1, 5),
(953, '¿Qué es normativa ambiental?', 'Reglas', 'Freno', 'Motor', 'Batería', 1, 5),
(954, '¿Qué es mantenimiento básico?', 'Revisión simple', 'Complejo', 'Freno', 'Motor', 1, 5),
(955, '¿Qué es vida útil motor?', 'Duración', 'Velocidad', 'Peso', 'Altura', 1, 5),
(956, '¿Qué es el sistema de admisión?', 'Salida gases', 'Entrada de aire', 'Freno', 'Batería', 2, 5),
(957, '¿Qué pasa con filtro de aire sucio?', 'Mejora', 'Aumenta potencia', 'Reduce rendimiento', 'Nada', 3, 5),
(958, '¿Qué es mezcla rica?', 'Mucho aire', 'Mucho combustible', 'Nada', 'Gasolina', 2, 5),
(959, '¿Qué es mezcla pobre?', 'Mucho aire', 'Mucho combustible', 'Nada', 'Aceite', 1, 5),
(960, '¿Qué es detonación?', 'Explosión irregular', 'Normal', 'Silenciosa', 'Lenta', 1, 5),
(961, '¿Qué es caja de cambios?', 'Transmisión', 'Freno', 'Motor', 'Batería', 1, 5),
(962, '¿Qué hace un engranaje?', 'Frena', 'Transmite fuerza', 'Lubrica', 'Enfría', 2, 5),
(963, '¿Qué es relación de transmisión?', 'Velocidad/torque', 'Peso', 'Altura', 'Tiempo', 1, 5),
(964, '¿Qué es marcha reversa?', 'Adelante', 'Neutro', 'Atrás', 'Freno', 3, 5),
(965, '¿Qué es punto muerto?', 'Freno', 'Sin marcha', 'Motor', 'Batería', 2, 5),
(966, '¿Qué es sistema hidráulico de frenos?', 'Aire', 'Gasolina', 'Electricidad', 'Líquido', 4, 5),
(967, '¿Qué es pastilla de freno?', 'Motor', 'Fricción', 'Batería', 'Filtro', 2, 5),
(968, '¿Qué es disco de freno?', 'Motor', 'Batería', 'Superficie de frenado', 'Filtro', 3, 5),
(969, '¿Qué es líquido de frenos?', 'Aceite', 'Agua', 'Especial', 'Gasolina', 3, 5),
(970, '¿Qué indica desgaste de frenos?', 'Uso', 'Mejora', 'Acelera', 'Enfría', 1, 5),
(971, '¿Qué es fusible?', 'Protege circuito', 'Frena', 'Lubrica', 'Acelera', 1, 5),
(972, '¿Qué es cableado?', 'Conecta sistema', 'Frena', 'Lubrica', 'Acelera', 1, 5),
(973, '¿Qué es cortocircuito?', 'Falla eléctrica', 'Mejora', 'Acelera', 'Enfría', 1, 5),
(974, '¿Qué es luz alta?', 'Mayor alcance', 'Menor', 'Media', 'Nada', 1, 5),
(975, '¿Qué es luz baja?', 'Menor alcance', 'Mayor', 'Media', 'Nada', 1, 5),
(976, '¿Qué es luz direccional?', 'Señal giro', 'Motor', 'Freno', 'Batería', 1, 5),
(977, '¿Qué indica luz de freno?', 'Frenar', 'Acelerar', 'Enfriar', 'Lubricar', 1, 5),
(978, '¿Qué mide sensor de velocidad?', 'Velocidad', 'Frena', 'Lubrica', 'Acelera', 1, 5),
(979, '¿Qué mide sensor MAP?', 'Presión aire', 'Frena', 'Lubrica', 'Acelera', 1, 5),
(980, '¿Qué mide sensor MAF?', 'Flujo aire', 'Frena', 'Lubrica', 'Acelera', 1, 5),
(981, '¿Qué mide sensor TPS?', 'Posición acelerador', 'Frena', 'Lubrica', 'Acelera', 1, 5),
(982, '¿Qué detecta sensor ABS?', 'Ruedas', 'Frena', 'Lubrica', 'Acelera', 1, 5),
(983, '¿Qué es sistema híbrido serie?', 'Motor eléctrico', 'Gasolina', 'Diésel', 'Manual', 1, 5),
(984, '¿Qué es sistema híbrido paralelo?', 'Ambos motores', 'Solo uno', 'Manual', 'Eléctrico', 1, 5),
(985, '¿Qué es regeneración energía?', 'Recupera energía', 'Pierde', 'Acelera', 'Frena', 1, 5),
(986, '¿Qué hace cargador eléctrico?', 'Carga batería', 'Frena', 'Lubrica', 'Acelera', 1, 5),
(987, '¿Qué es autonomía?', 'Distancia', 'Velocidad', 'Peso', 'Tiempo', 1, 5),
(988, '¿Qué es inspección vehicular?', 'Revisión', 'Freno', 'Motor', 'Batería', 1, 5),
(989, '¿Qué es emisión contaminante?', 'Gases', 'Agua', 'Aire', 'Aceite', 1, 5),
(990, '¿Qué es normativa ambiental?', 'Reglas', 'Freno', 'Motor', 'Batería', 1, 5),
(991, '¿Qué es mantenimiento básico?', 'Revisión simple', 'Complejo', 'Freno', 'Motor', 1, 5),
(992, '¿Qué es vida útil del motor?', 'Duración', 'Velocidad', 'Peso', 'Altura', 1, 5),
(993, '¿Qué es torque alto?', 'Más fuerza', 'Menos', 'Igual', 'Nada', 1, 5),
(994, '¿Qué es velocidad máxima?', 'Mayor velocidad', 'Menor', 'Media', 'Nada', 1, 5),
(995, '¿Qué es arranque del motor?', 'Encender', 'Apagar', 'Frenar', 'Enfriar', 1, 5),
(996, '¿Qué es sistema eléctrico?', 'Energía', 'Freno', 'Motor', 'Gasolina', 1, 5),
(997, '¿Qué es batería descargada?', 'Sin energía', 'Acelera', 'Frena', 'Enfría', 1, 5),
(998, '¿Qué es alternador dañado?', 'No carga', 'Acelera', 'Frena', 'Enfría', 1, 5),
(999, '¿Qué es fuga de aceite?', 'Pérdida lubricante', 'Mejora', 'Acelera', 'Enfría', 1, 5),
(1000, '¿Qué es sobrecalentamiento?', 'Alta temperatura', 'Baja', 'Media', 'Nada', 1, 5),
(1001, '¿Cuál es el órgano principal del sistema nervioso?', 'Corazón', 'Pulmón', 'Cerebro', 'Riñón', 3, 6),
(1002, '¿Qué órgano bombea la sangre?', 'Hígado', 'Corazón', 'Pulmón', 'Cerebro', 2, 6),
(1003, '¿Dónde se encuentran los pulmones?', 'Abdomen', 'Cabeza', 'Tórax', 'Piernas', 3, 6),
(1004, '¿Qué órgano filtra la sangre?', 'Pulmón', 'Riñón', 'Cerebro', 'Corazón', 2, 6),
(1005, '¿Cuál es el órgano más grande del cuerpo?', 'Hígado', 'Piel', 'Corazón', 'Pulmón', 2, 6),
(1006, '¿Qué sistema transporta sangre?', 'Digestivo', 'Respiratorio', 'Circulatorio', 'Nervioso', 3, 6),
(1007, '¿Qué sistema permite respirar?', 'Digestivo', 'Respiratorio', 'Nervioso', 'Óseo', 2, 6),
(1008, '¿Qué sistema procesa alimentos?', 'Digestivo', 'Respiratorio', 'Circulatorio', 'Óseo', 1, 6),
(1009, '¿Qué sistema da soporte al cuerpo?', 'Muscular', 'Óseo', 'Nervioso', 'Digestivo', 2, 6),
(1010, '¿Qué sistema permite movimiento?', 'Óseo', 'Muscular', 'Nervioso', 'Respiratorio', 2, 6),
(1011, '¿Qué hueso protege el cerebro?', 'Fémur', 'Costilla', 'Cráneo', 'Húmero', 3, 6),
(1012, '¿Qué hueso está en el brazo?', 'Fémur', 'Húmero', 'Tibia', 'Peroné', 2, 6),
(1013, '¿Qué hueso está en la pierna?', 'Húmero', 'Radio', 'Fémur', 'Clavícula', 3, 6),
(1014, '¿Qué órgano produce bilis?', 'Hígado', 'Riñón', 'Corazón', 'Pulmón', 1, 6),
(1015, '¿Dónde se almacena la bilis?', 'Riñón', 'Estómago', 'Vesícula', 'Pulmón', 3, 6),
(1016, '¿Qué órgano digiere alimentos?', 'Pulmón', 'Estómago', 'Corazón', 'Cerebro', 2, 6),
(1017, '¿Qué órgano absorbe nutrientes?', 'Intestino delgado', 'Pulmón', 'Riñón', 'Corazón', 1, 6),
(1018, '¿Qué órgano elimina desechos sólidos?', 'Intestino grueso', 'Pulmón', 'Cerebro', 'Riñón', 1, 6),
(1019, '¿Qué órgano filtra toxinas?', 'Pulmón', 'Riñón', 'Corazón', 'Hígado', 4, 6),
(1020, '¿Qué órgano controla el cuerpo?', 'Corazón', 'Pulmón', 'Cerebro', 'Riñón', 3, 6),
(1021, '¿Qué transporta oxígeno?', 'Sangre', 'Hueso', 'Músculo', 'Piel', 1, 6),
(1022, '¿Qué célula transporta oxígeno?', 'Glóbulo rojo', 'Neurona', 'Plaqueta', 'Músculo', 1, 6),
(1023, '¿Qué célula defiende el cuerpo?', 'Glóbulo rojo', 'Glóbulo blanco', 'Plaqueta', 'Neurona', 2, 6),
(1024, '¿Qué ayuda a coagular sangre?', 'Neurona', 'Plaqueta', 'Glóbulo rojo', 'Músculo', 2, 6),
(1025, '¿Qué es la neurona?', 'Célula nerviosa', 'Célula muscular', 'Célula ósea', 'Célula sanguínea', 1, 6),
(1026, '¿Qué órgano permite respirar?', 'Pulmón', 'Corazón', 'Riñón', 'Hígado', 1, 6),
(1027, '¿Qué es la tráquea?', 'Conducto aire', 'Conducto sangre', 'Hueso', 'Músculo', 1, 6),
(1028, '¿Qué son los bronquios?', 'Conductos aire', 'Huesos', 'Músculos', 'Órganos', 1, 6),
(1029, '¿Qué es el diafragma?', 'Músculo respiratorio', 'Hueso', 'Órgano', 'Tejido', 1, 6),
(1030, '¿Qué órgano excreta orina?', 'Pulmón', 'Riñón', 'Corazón', 'Hígado', 2, 6),
(1031, '¿Qué sistema elimina desechos?', 'Excretor', 'Digestivo', 'Respiratorio', 'Nervioso', 1, 6),
(1032, '¿Qué es la vejiga?', 'Almacena orina', 'Filtra', 'Respira', 'Bombea', 1, 6),
(1033, '¿Qué órgano produce orina?', 'Riñón', 'Pulmón', 'Corazón', 'Hígado', 1, 6),
(1034, '¿Qué es el sistema endocrino?', 'Hormonas', 'Huesos', 'Músculos', 'Sangre', 1, 6),
(1035, '¿Qué glándula regula crecimiento?', 'Hipófisis', 'Riñón', 'Pulmón', 'Corazón', 1, 6),
(1036, '¿Qué glándula produce insulina?', 'Páncreas', 'Hígado', 'Riñón', 'Pulmón', 1, 6),
(1037, '¿Qué es el sistema inmunológico?', 'Defensa', 'Movimiento', 'Respiración', 'Digestión', 1, 6),
(1038, '¿Qué órgano ayuda inmunidad?', 'Bazo', 'Pulmón', 'Corazón', 'Hígado', 1, 6),
(1039, '¿Qué es el músculo?', 'Tejido movimiento', 'Hueso', 'Órgano', 'Célula', 1, 6),
(1040, '¿Qué es articulación?', 'Unión huesos', 'Músculo', 'Órgano', 'Célula', 1, 6),
(1041, '¿Qué tipo de músculo es voluntario?', 'Esquelético', 'Cardiaco', 'Liso', 'Nervioso', 1, 6),
(1042, '¿Qué tipo de músculo es involuntario?', 'Liso', 'Esquelético', 'Óseo', 'Nervioso', 1, 6),
(1043, '¿Qué músculo es el corazón?', 'Cardiaco', 'Liso', 'Esquelético', 'Óseo', 1, 6),
(1044, '¿Qué es tejido?', 'Conjunto células', 'Órgano', 'Sistema', 'Hueso', 1, 6),
(1045, '¿Qué es órgano?', 'Conjunto tejidos', 'Célula', 'Sistema', 'Hueso', 1, 6),
(1046, '¿Qué es sistema?', 'Conjunto órganos', 'Célula', 'Tejido', 'Hueso', 1, 6),
(1047, '¿Qué es metabolismo?', 'Procesos químicos', 'Movimiento', 'Respiración', 'Digestión', 1, 6),
(1048, '¿Qué es homeostasis?', 'Equilibrio', 'Movimiento', 'Respiración', 'Digestión', 1, 6),
(1049, '¿Qué es ADN?', 'Material genético', 'Sangre', 'Hueso', 'Músculo', 1, 6),
(1050, '¿Qué es célula?', 'Unidad básica', 'Órgano', 'Sistema', 'Hueso', 1, 6),
(1051, '¿Qué órgano produce enzimas digestivas?', 'Estómago', 'Páncreas', 'Pulmón', 'Corazón', 2, 6),
(1052, '¿Qué parte del ojo regula la luz?', 'Córnea', 'Retina', 'Iris', 'Cristalino', 3, 6),
(1053, '¿Dónde ocurre el intercambio de gases?', 'Bronquios', 'Pulmones', 'Alvéolos', 'Tráquea', 3, 6),
(1054, '¿Qué sistema controla acciones voluntarias?', 'Endocrino', 'Muscular', 'Nervioso', 'Digestivo', 3, 6),
(1055, '¿Qué glándula produce adrenalina?', 'Tiroides', 'Suprarrenal', 'Páncreas', 'Hipófisis', 2, 6),
(1056, '¿Qué parte del cerebro controla equilibrio?', 'Cerebro', 'Bulbo', 'Cerebelo', 'Hipotálamo', 3, 6),
(1057, '¿Qué órgano almacena orina?', 'Riñón', 'Vejiga', 'Uréter', 'Hígado', 2, 6),
(1058, '¿Qué estructura conecta músculos con huesos?', 'Ligamento', 'Cartílago', 'Tendón', 'Nervio', 3, 6),
(1059, '¿Qué conecta hueso con hueso?', 'Tendón', 'Ligamento', 'Músculo', 'Nervio', 2, 6),
(1060, '¿Qué tipo de sangre transporta oxígeno?', 'Venosa', 'Capilar', 'Arterial', 'Linfática', 3, 6),
(1061, '¿Qué vaso lleva sangre al corazón?', 'Arteria', 'Capilar', 'Vena', 'Conducto', 3, 6),
(1062, '¿Qué vaso sale del corazón?', 'Vena', 'Arteria', 'Capilar', 'Conducto', 2, 6),
(1063, '¿Qué órgano regula temperatura?', 'Pulmón', 'Piel', 'Hígado', 'Riñón', 2, 6),
(1064, '¿Qué órgano almacena glucógeno?', 'Hígado', 'Riñón', 'Corazón', 'Pulmón', 1, 6),
(1065, '¿Qué órgano ayuda a digerir grasas?', 'Estómago', 'Intestino', 'Hígado', 'Pulmón', 3, 6),
(1066, '¿Qué es el esófago?', 'Órgano digestivo', 'Conducto alimento', 'Músculo', 'Tejido', 2, 6),
(1067, '¿Qué parte mastica alimentos?', 'Lengua', 'Dientes', 'Encía', 'Labios', 2, 6),
(1068, '¿Qué detecta sabores?', 'Dientes', 'Lengua', 'Nariz', 'Piel', 2, 6),
(1069, '¿Qué órgano permite oír?', 'Ojo', 'Nariz', 'Oído', 'Lengua', 3, 6),
(1070, '¿Qué parte del oído percibe sonido?', 'Tímpano', 'Cerebro', 'Nervio', 'Pulmón', 1, 6),
(1071, '¿Qué sistema transporta hormonas?', 'Nervioso', 'Endocrino', 'Digestivo', 'Óseo', 2, 6),
(1072, '¿Qué glándula controla otras glándulas?', 'Tiroides', 'Hipófisis', 'Páncreas', 'Riñón', 2, 6),
(1073, '¿Qué hormona regula azúcar?', 'Adrenalina', 'Insulina', 'Melatonina', 'Serotonina', 2, 6),
(1074, '¿Qué órgano produce insulina?', 'Hígado', 'Páncreas', 'Riñón', 'Pulmón', 2, 6),
(1075, '¿Qué regula el sueño?', 'Adrenalina', 'Melatonina', 'Insulina', 'Cortisol', 2, 6),
(1076, '¿Qué tipo de hueso es el fémur?', 'Plano', 'Largo', 'Corto', 'Irregular', 2, 6),
(1077, '¿Qué tipo de hueso es el cráneo?', 'Plano', 'Largo', 'Corto', 'Irregular', 1, 6),
(1078, '¿Qué tipo de hueso es la vértebra?', 'Plano', 'Largo', 'Irregular', 'Corto', 3, 6),
(1079, '¿Qué protege la médula espinal?', 'Cráneo', 'Costillas', 'Vértebras', 'Fémur', 3, 6),
(1080, '¿Qué huesos protegen pulmones?', 'Cráneo', 'Costillas', 'Fémur', 'Húmero', 2, 6),
(1081, '¿Qué músculo permite respirar?', 'Diafragma', 'Bíceps', 'Tríceps', 'Glúteo', 1, 6),
(1082, '¿Qué músculo flexiona brazo?', 'Tríceps', 'Bíceps', 'Glúteo', 'Cuádriceps', 2, 6),
(1083, '¿Qué músculo extiende brazo?', 'Bíceps', 'Tríceps', 'Glúteo', 'Cuádriceps', 2, 6),
(1084, '¿Qué músculo mueve piernas?', 'Cuádriceps', 'Bíceps', 'Tríceps', 'Deltoide', 1, 6),
(1085, '¿Qué músculo está en hombro?', 'Deltoide', 'Glúteo', 'Bíceps', 'Gemelo', 1, 6),
(1086, '¿Qué es el sistema linfático?', 'Defensa', 'Movimiento', 'Respiración', 'Digestión', 1, 6),
(1087, '¿Qué transporta linfa?', 'Vasos linfáticos', 'Arterias', 'Venas', 'Capilares', 1, 6),
(1088, '¿Qué filtra la linfa?', 'Pulmón', 'Bazo', 'Riñón', 'Corazón', 2, 6),
(1089, '¿Qué combate infecciones?', 'Glóbulos rojos', 'Glóbulos blancos', 'Plaquetas', 'Músculos', 2, 6),
(1090, '¿Qué contiene hemoglobina?', 'Glóbulo rojo', 'Neurona', 'Plaqueta', 'Músculo', 1, 6),
(1091, '¿Qué transporta nutrientes?', 'Sangre', 'Hueso', 'Músculo', 'Piel', 1, 6),
(1092, '¿Qué es tejido epitelial?', 'Protección', 'Movimiento', 'Soporte', 'Transporte', 1, 6),
(1093, '¿Qué es tejido muscular?', 'Movimiento', 'Protección', 'Soporte', 'Transporte', 1, 6),
(1094, '¿Qué es tejido nervioso?', 'Control', 'Movimiento', 'Soporte', 'Protección', 1, 6),
(1095, '¿Qué es tejido óseo?', 'Soporte', 'Movimiento', 'Control', 'Protección', 1, 6),
(1096, '¿Qué parte del ojo detecta luz?', 'Iris', 'Retina', 'Córnea', 'Pupila', 2, 6),
(1097, '¿Qué protege el corazón?', 'Costillas', 'Cráneo', 'Columna', 'Piel', 1, 6),
(1098, '¿Qué estructura lleva orina al exterior?', 'Uréter', 'Uretra', 'Vejiga', 'Riñón', 2, 6),
(1099, '¿Qué órgano almacena vitaminas?', 'Riñón', 'Pulmón', 'Hígado', 'Corazón', 3, 6),
(1100, '¿Qué regula la presión sanguínea?', 'Corazón', 'Riñón', 'Pulmón', 'Hígado', 2, 6),
(1101, '¿Qué parte del cerebro controla respiración?', 'Cerebelo', 'Bulbo raquídeo', 'Hipotálamo', 'Corteza', 2, 6),
(1102, '¿Qué tipo de articulación es la rodilla?', 'Fija', 'Semimóvil', 'Móvil', 'Plana', 3, 6),
(1103, '¿Qué tipo de articulación es el cráneo?', 'Móvil', 'Semimóvil', 'Fija', 'Flexible', 3, 6),
(1104, '¿Qué estructura produce espermatozoides?', 'Próstata', 'Testículos', 'Uretra', 'Vesícula', 2, 6),
(1105, '¿Qué órgano produce óvulos?', 'Útero', 'Ovarios', 'Vagina', 'Trompas', 2, 6),
(1106, '¿Qué órgano permite la visión?', 'Ojo', 'Oído', 'Nariz', 'Lengua', 1, 6),
(1107, '¿Qué parte del ojo enfoca imágenes?', 'Retina', 'Cristalino', 'Iris', 'Pupila', 2, 6),
(1108, '¿Qué detecta olores?', 'Lengua', 'Nariz', 'Ojo', 'Piel', 2, 6),
(1109, '¿Qué órgano permite el equilibrio?', 'Oído', 'Ojo', 'Nariz', 'Lengua', 1, 6),
(1110, '¿Qué sistema coordina reflejos?', 'Digestivo', 'Nervioso', 'Endocrino', 'Óseo', 2, 6),
(1111, '¿Qué es la médula espinal?', 'Hueso', 'Tejido nervioso', 'Músculo', 'Órgano digestivo', 2, 6),
(1112, '¿Qué transporta impulsos nerviosos?', 'Sangre', 'Neuronas', 'Músculos', 'Huesos', 2, 6),
(1113, '¿Qué protege la médula?', 'Cráneo', 'Vértebras', 'Costillas', 'Piel', 2, 6),
(1114, '¿Qué órgano regula emociones?', 'Cerebro', 'Corazón', 'Pulmón', 'Riñón', 1, 6),
(1115, '¿Qué sistema regula hormonas?', 'Endocrino', 'Digestivo', 'Óseo', 'Respiratorio', 1, 6),
(1116, '¿Qué hormona regula metabolismo?', 'Insulina', 'Tiroxina', 'Melatonina', 'Adrenalina', 2, 6),
(1117, '¿Qué glándula produce tiroxina?', 'Hipófisis', 'Tiroides', 'Páncreas', 'Suprarrenal', 2, 6),
(1118, '¿Qué hormona aumenta ritmo cardíaco?', 'Insulina', 'Adrenalina', 'Melatonina', 'Tiroxina', 2, 6),
(1119, '¿Qué órgano produce bilis?', 'Riñón', 'Hígado', 'Pulmón', 'Corazón', 2, 6),
(1120, '¿Qué parte del sistema digestivo absorbe agua?', 'Estómago', 'Intestino grueso', 'Intestino delgado', 'Esófago', 2, 6),
(1121, '¿Qué estructura mueve sangre?', 'Corazón', 'Pulmón', 'Riñón', 'Hígado', 1, 6),
(1122, '¿Qué órgano intercambia gases?', 'Pulmón', 'Corazón', 'Riñón', 'Hígado', 1, 6),
(1123, '¿Qué contiene alveolos?', 'Pulmón', 'Riñón', 'Hígado', 'Corazón', 1, 6),
(1124, '¿Qué sistema usa oxígeno?', 'Respiratorio', 'Digestivo', 'Óseo', 'Endocrino', 1, 6),
(1125, '¿Qué sistema elimina CO2?', 'Respiratorio', 'Digestivo', 'Óseo', 'Endocrino', 1, 6),
(1126, '¿Qué es hemoglobina?', 'Proteína sangre', 'Hormona', 'Enzima', 'Grasa', 1, 6),
(1127, '¿Qué hace la sangre?', 'Transporta', 'Frena', 'Lubrica', 'Acelera', 1, 6),
(1128, '¿Qué parte coagula?', 'Plaquetas', 'Neuronas', 'Glóbulos rojos', 'Músculos', 1, 6),
(1129, '¿Qué órgano limpia sangre?', 'Riñón', 'Pulmón', 'Hígado', 'Corazón', 1, 6),
(1130, '¿Qué órgano desintoxica?', 'Hígado', 'Pulmón', 'Corazón', 'Riñón', 1, 6),
(1131, '¿Qué parte almacena calcio?', 'Huesos', 'Músculos', 'Sangre', 'Piel', 1, 6),
(1132, '¿Qué da forma al cuerpo?', 'Esqueleto', 'Sangre', 'Músculo', 'Piel', 1, 6),
(1133, '¿Qué permite postura?', 'Músculos', 'Sangre', 'Piel', 'Órganos', 1, 6),
(1134, '¿Qué une músculos y huesos?', 'Tendones', 'Ligamentos', 'Cartílago', 'Nervios', 1, 6),
(1135, '¿Qué amortigua articulaciones?', 'Cartílago', 'Hueso', 'Músculo', 'Nervio', 1, 6),
(1136, '¿Qué conecta sistema nervioso?', 'Neuronas', 'Sangre', 'Huesos', 'Músculos', 1, 6),
(1137, '¿Qué parte controla pensamiento?', 'Cerebro', 'Corazón', 'Pulmón', 'Riñón', 1, 6),
(1138, '¿Qué sistema detecta estímulos?', 'Nervioso', 'Digestivo', 'Respiratorio', 'Óseo', 1, 6),
(1139, '¿Qué es estímulo?', 'Cambio', 'Movimiento', 'Respiración', 'Digestión', 1, 6),
(1140, '¿Qué es respuesta?', 'Reacción', 'Movimiento', 'Respiración', 'Digestión', 1, 6),
(1141, '¿Qué regula temperatura corporal?', 'Hipotálamo', 'Pulmón', 'Riñón', 'Hígado', 1, 6),
(1142, '¿Qué regula hambre?', 'Hipotálamo', 'Pulmón', 'Riñón', 'Hígado', 1, 6),
(1143, '¿Qué regula sed?', 'Hipotálamo', 'Pulmón', 'Riñón', 'Hígado', 1, 6),
(1144, '¿Qué órgano produce calor?', 'Músculo', 'Pulmón', 'Riñón', 'Hígado', 1, 6),
(1145, '¿Qué órgano elimina sudor?', 'Piel', 'Pulmón', 'Riñón', 'Corazón', 1, 6),
(1146, '¿Qué protege el cuerpo?', 'Piel', 'Pulmón', 'Riñón', 'Corazón', 1, 6),
(1147, '¿Qué detecta temperatura?', 'Piel', 'Pulmón', 'Riñón', 'Corazón', 1, 6),
(1148, '¿Qué es dermis?', 'Capa piel', 'Órgano', 'Sistema', 'Tejido', 1, 6),
(1149, '¿Qué es epidermis?', 'Capa externa', 'Órgano', 'Sistema', 'Tejido', 1, 6),
(1150, '¿Qué produce sudor?', 'Glándulas sudoríparas', 'Pulmón', 'Riñón', 'Corazón', 1, 6),
(1151, '¿Qué parte del oído mantiene el equilibrio?', 'Cóclea', 'Tímpano', 'Canales semicirculares', 'Martillo', 3, 6),
(1152, '¿Qué órgano produce la voz?', 'Pulmón', 'Laringe', 'Tráquea', 'Faringe', 2, 6),
(1153, '¿Qué conecta boca con estómago?', 'Tráquea', 'Esófago', 'Intestino', 'Bronquio', 2, 6),
(1154, '¿Qué parte del cerebro controla movimientos voluntarios?', 'Cerebelo', 'Corteza cerebral', 'Bulbo', 'Hipotálamo', 2, 6),
(1155, '¿Qué parte del corazón recibe sangre?', 'Ventrículo', 'Aurícula', 'Arteria', 'Vena', 2, 6),
(1156, '¿Qué parte del corazón expulsa sangre?', 'Aurícula', 'Ventrículo', 'Arteria', 'Vena', 2, 6),
(1157, '¿Qué transporta sangre oxigenada?', 'Vena', 'Arteria', 'Capilar', 'Linfa', 2, 6),
(1158, '¿Qué órgano produce jugo gástrico?', 'Intestino', 'Estómago', 'Hígado', 'Páncreas', 2, 6),
(1159, '¿Qué órgano secreta enzimas digestivas?', 'Páncreas', 'Pulmón', 'Corazón', 'Riñón', 1, 6),
(1160, '¿Qué estructura protege órganos internos?', 'Músculo', 'Esqueleto', 'Piel', 'Sangre', 2, 6),
(1161, '¿Qué estructura permite movimiento?', 'Huesos', 'Músculos', 'Sangre', 'Piel', 2, 6),
(1162, '¿Qué tipo de músculo es involuntario?', 'Cardiaco', 'Liso', 'Esquelético', 'Óseo', 2, 6),
(1163, '¿Qué tipo de músculo es voluntario?', 'Liso', 'Esquelético', 'Cardiaco', 'Nervioso', 2, 6),
(1164, '¿Qué órgano regula hormonas?', 'Sistema endocrino', 'Sistema nervioso', 'Sistema digestivo', 'Sistema óseo', 1, 6),
(1165, '¿Qué glándula produce cortisol?', 'Tiroides', 'Hipófisis', 'Suprarrenal', 'Páncreas', 3, 6),
(1166, '¿Qué parte del sistema nervioso central incluye cerebro?', 'Encéfalo', 'Nervios', 'Ganglios', 'Neuronas', 1, 6),
(1167, '¿Qué parte transmite señales?', 'Neuronas', 'Huesos', 'Músculos', 'Órganos', 1, 6),
(1168, '¿Qué estructura protege el cerebro?', 'Cráneo', 'Costillas', 'Piel', 'Columna', 1, 6),
(1169, '¿Qué órgano produce orina?', 'Riñón', 'Pulmón', 'Corazón', 'Hígado', 1, 6),
(1170, '¿Qué conducto lleva orina a la vejiga?', 'Uretra', 'Uréter', 'Esófago', 'Tráquea', 2, 6),
(1171, '¿Qué órgano elimina CO2?', 'Pulmón', 'Riñón', 'Corazón', 'Hígado', 1, 6),
(1172, '¿Qué parte del pulmón realiza intercambio gaseoso?', 'Bronquios', 'Alvéolos', 'Tráquea', 'Diafragma', 2, 6),
(1173, '¿Qué músculo separa tórax y abdomen?', 'Diafragma', 'Bíceps', 'Tríceps', 'Glúteo', 1, 6),
(1174, '¿Qué órgano absorbe nutrientes?', 'Intestino delgado', 'Pulmón', 'Corazón', 'Riñón', 1, 6),
(1175, '¿Qué órgano forma heces?', 'Intestino grueso', 'Pulmón', 'Corazón', 'Riñón', 1, 6),
(1176, '¿Qué órgano controla reflejos?', 'Médula espinal', 'Cerebro', 'Corazón', 'Pulmón', 1, 6),
(1177, '¿Qué sistema controla emociones?', 'Nervioso', 'Digestivo', 'Respiratorio', 'Óseo', 1, 6),
(1178, '¿Qué estructura permite ver?', 'Ojo', 'Oído', 'Nariz', 'Lengua', 1, 6),
(1179, '¿Qué detecta sabores?', 'Lengua', 'Nariz', 'Ojo', 'Piel', 1, 6),
(1180, '¿Qué detecta olores?', 'Nariz', 'Lengua', 'Ojo', 'Piel', 1, 6),
(1181, '¿Qué protege contra bacterias?', 'Piel', 'Pulmón', 'Riñón', 'Corazón', 1, 6),
(1182, '¿Qué contiene queratina?', 'Piel', 'Sangre', 'Hueso', 'Músculo', 1, 6),
(1183, '¿Qué produce sudor?', 'Glándulas', 'Pulmón', 'Riñón', 'Corazón', 1, 6),
(1184, '¿Qué regula calor corporal?', 'Piel', 'Pulmón', 'Riñón', 'Corazón', 1, 6),
(1185, '¿Qué es sistema tegumentario?', 'Piel', 'Huesos', 'Músculos', 'Sangre', 1, 6),
(1186, '¿Qué almacena energía?', 'Grasa', 'Hueso', 'Músculo', 'Sangre', 1, 6),
(1187, '¿Qué protege órganos?', 'Costillas', 'Pulmón', 'Riñón', 'Corazón', 1, 6),
(1188, '¿Qué conecta músculos?', 'Tendón', 'Ligamento', 'Cartílago', 'Nervio', 1, 6),
(1189, '¿Qué conecta huesos?', 'Ligamento', 'Tendón', 'Cartílago', 'Nervio', 1, 6),
(1190, '¿Qué reduce fricción?', 'Cartílago', 'Hueso', 'Músculo', 'Nervio', 1, 6),
(1191, '¿Qué transporta linfa?', 'Sistema linfático', 'Sangre', 'Hueso', 'Músculo', 1, 6),
(1192, '¿Qué filtra infecciones?', 'Ganglios linfáticos', 'Pulmón', 'Riñón', 'Corazón', 1, 6),
(1193, '¿Qué órgano ayuda defensa?', 'Bazo', 'Pulmón', 'Corazón', 'Hígado', 1, 6),
(1194, '¿Qué tipo de célula combate virus?', 'Glóbulos blancos', 'Glóbulos rojos', 'Plaquetas', 'Neuronas', 1, 6),
(1195, '¿Qué tipo de célula lleva oxígeno?', 'Glóbulos rojos', 'Glóbulos blancos', 'Plaquetas', 'Neuronas', 1, 6),
(1196, '¿Qué estructura contiene ADN?', 'Célula', 'Órgano', 'Sistema', 'Tejido', 1, 6),
(1197, '¿Qué es tejido?', 'Grupo de células', 'Órgano', 'Sistema', 'Hueso', 1, 6),
(1198, '¿Qué es órgano?', 'Grupo de tejidos', 'Célula', 'Sistema', 'Hueso', 1, 6),
(1199, '¿Qué es sistema?', 'Grupo de órganos', 'Célula', 'Tejido', 'Hueso', 1, 6),
(1200, '¿Qué es organismo?', 'Ser vivo', 'Célula', 'Tejido', 'Sistema', 1, 6),
(1201, '¿Qué planeta es el más cercano al Sol?', 'Mercurio', 'Venus', 'Tierra', 'Marte', 1, 7),
(1202, '¿Qué gas respiramos?', 'CO2', 'Oxígeno', 'Nitrógeno', 'Helio', 2, 7),
(1203, '¿Qué estado es sólido?', 'Agua', 'Hielo', 'Vapor', 'Gas', 2, 7),
(1204, '¿Qué órgano permite ver?', 'Oído', 'Nariz', 'Ojo', 'Lengua', 3, 7),
(1205, '¿Qué animal es mamífero?', 'Pez', 'Ave', 'Reptil', 'Perro', 4, 7),
(1206, '¿Qué fuerza nos mantiene en la Tierra?', 'Gravedad', 'Magnetismo', 'Fricción', 'Energía', 1, 7),
(1207, '¿Qué gas exhalamos?', 'Oxígeno', 'CO2', 'Helio', 'Hidrógeno', 2, 7),
(1208, '¿Qué es evaporación?', 'Sólido a gas', 'Líquido a gas', 'Gas a líquido', 'Sólido a líquido', 2, 7),
(1209, '¿Qué es un ecosistema?', 'Organismo', 'Ambiente', 'Sistema natural', 'Objeto', 3, 7),
(1210, '¿Qué animal vuela?', 'Perro', 'Gato', 'Pez', 'Águila', 4, 7),
(1211, '¿Qué estrella ilumina la Tierra?', 'Sol', 'Luna', 'Marte', 'Venus', 1, 7),
(1212, '¿Qué planeta habitamos?', 'Venus', 'Tierra', 'Marte', 'Júpiter', 2, 7),
(1213, '¿Qué capa protege del Sol?', 'Núcleo', 'Manto', 'Atmósfera', 'Corteza', 3, 7);
INSERT INTO `pregunta` (`id_pregunta`, `pregunta`, `opcion_1`, `opcion_2`, `opcion_3`, `opcion_4`, `correcto`, `id_categoria`) VALUES
(1214, '¿Qué animal es herbívoro?', 'León', 'Tigre', 'Lobo', 'Vaca', 4, 7),
(1215, '¿Qué es fotosíntesis?', 'Respirar', 'Crear energía', 'Producir alimento', 'Moverse', 3, 7),
(1216, '¿Qué es un átomo?', 'Molécula', 'Unidad básica', 'Órgano', 'Sistema', 2, 7),
(1217, '¿Qué es energía?', 'Fuerza', 'Capacidad trabajo', 'Movimiento', 'Luz', 2, 7),
(1218, '¿Qué tipo de energía es solar?', 'Eléctrica', 'Térmica', 'Luminosa', 'Química', 3, 7),
(1219, '¿Qué animal es carnívoro?', 'Vaca', 'Caballo', 'Conejo', 'León', 4, 7),
(1220, '¿Qué es célula?', 'Órgano', 'Tejido', 'Sistema', 'Unidad básica', 4, 7),
(1221, '¿Qué cambia estado sólido a líquido?', 'Fusión', 'Evaporación', 'Condensación', 'Sublimación', 1, 7),
(1222, '¿Qué es el agua?', 'Elemento', 'Compuesto', 'Gas', 'Metal', 2, 7),
(1223, '¿Qué es un volcán?', 'Montaña', 'Roca', 'Apertura tierra', 'Planta', 3, 7),
(1224, '¿Qué animal vive en agua?', 'Perro', 'Gato', 'Caballo', 'Pez', 4, 7),
(1225, '¿Qué es el clima?', 'Tiempo corto', 'Condición promedio', 'Viento', 'Lluvia', 2, 7),
(1226, '¿Qué es el viento?', 'Aire en movimiento', 'Agua', 'Fuego', 'Tierra', 1, 7),
(1227, '¿Qué es lluvia?', 'Gas', 'Sólido', 'Líquido', 'Energía', 3, 7),
(1228, '¿Qué animal es ovíparo?', 'Perro', 'Gato', 'Serpiente', 'Caballo', 3, 7),
(1229, '¿Qué animal es vivíparo?', 'Ave', 'Pez', 'Reptil', 'Humano', 4, 7),
(1230, '¿Qué es reciclaje?', 'Desechar', 'Reutilizar', 'Quemar', 'Enterrar', 2, 7),
(1231, '¿Qué planeta es rojo?', 'Venus', 'Marte', 'Júpiter', 'Saturno', 2, 7),
(1232, '¿Qué es la Luna?', 'Planeta', 'Satélite', 'Estrella', 'Cometa', 2, 7),
(1233, '¿Qué produce luz?', 'Sol', 'Tierra', 'Luna', 'Marte', 1, 7),
(1234, '¿Qué es magnetismo?', 'Fuerza', 'Energía', 'Luz', 'Calor', 1, 7),
(1235, '¿Qué es electricidad?', 'Energía', 'Movimiento', 'Calor', 'Fuerza', 1, 7),
(1236, '¿Qué tipo de energía es calor?', 'Térmica', 'Eléctrica', 'Solar', 'Química', 1, 7),
(1237, '¿Qué animal es insecto?', 'Perro', 'Hormiga', 'Gato', 'Vaca', 2, 7),
(1238, '¿Qué es cadena alimenticia?', 'Sistema', 'Relación', 'Organismo', 'Objeto', 2, 7),
(1239, '¿Qué es depredador?', 'Presa', 'Cazador', 'Planta', 'Hongo', 2, 7),
(1240, '¿Qué es presa?', 'Cazador', 'Alimento', 'Planta', 'Hongo', 2, 7),
(1241, '¿Qué es biodiversidad?', 'Variedad vida', 'Energía', 'Clima', 'Agua', 1, 7),
(1242, '¿Qué es energía renovable?', 'Infinita', 'Limitada', 'Gas', 'Metal', 1, 7),
(1243, '¿Qué ejemplo renovable?', 'Petróleo', 'Solar', 'Gas', 'Carbón', 2, 7),
(1244, '¿Qué es contaminación?', 'Limpieza', 'Daño', 'Agua', 'Aire', 2, 7),
(1245, '¿Qué afecta contaminación?', 'Salud', 'Roca', 'Metal', 'Objeto', 1, 7),
(1246, '¿Qué es hábitat?', 'Lugar vida', 'Objeto', 'Energía', 'Sistema', 1, 7),
(1247, '¿Qué es adaptación?', 'Cambio', 'Movimiento', 'Respiración', 'Digestión', 1, 7),
(1248, '¿Qué es evolución?', 'Cambio especies', 'Movimiento', 'Respiración', 'Digestión', 1, 7),
(1249, '¿Qué es genética?', 'Herencia', 'Movimiento', 'Respiración', 'Digestión', 1, 7),
(1250, '¿Qué es ADN?', 'Material genético', 'Energía', 'Gas', 'Metal', 1, 7),
(1251, '¿Qué es temperatura?', 'Calor', 'Medida', 'Movimiento', 'Energía', 2, 7),
(1252, '¿Qué mide termómetro?', 'Presión', 'Temperatura', 'Velocidad', 'Tiempo', 2, 7),
(1253, '¿Qué mide velocidad?', 'Tiempo', 'Distancia', 'Rapidez', 'Fuerza', 3, 7),
(1254, '¿Qué es masa?', 'Peso', 'Cantidad materia', 'Volumen', 'Tiempo', 2, 7),
(1255, '¿Qué es volumen?', 'Espacio', 'Peso', 'Tiempo', 'Energía', 1, 7),
(1256, '¿Qué es densidad?', 'Relación masa/volumen', 'Peso', 'Tiempo', 'Energía', 1, 7),
(1257, '¿Qué es fuerza?', 'Empuje', 'Energía', 'Movimiento', 'Calor', 1, 7),
(1258, '¿Qué es fricción?', 'Resistencia', 'Movimiento', 'Energía', 'Calor', 1, 7),
(1259, '¿Qué es velocidad?', 'Rapidez', 'Tiempo', 'Distancia', 'Fuerza', 1, 7),
(1260, '¿Qué es aceleración?', 'Cambio velocidad', 'Tiempo', 'Distancia', 'Fuerza', 1, 7),
(1261, '¿Qué planeta es más frío?', 'Neptuno', 'Mercurio', 'Venus', 'Marte', 1, 7),
(1262, '¿Qué gas es más abundante en el aire?', 'Oxígeno', 'Nitrógeno', 'CO2', 'Helio', 2, 7),
(1263, '¿Qué órgano produce energía en células?', 'Núcleo', 'Ribosoma', 'Mitocondria', 'Membrana', 3, 7),
(1264, '¿Qué animal es vertebrado?', 'Medusa', 'Lombriz', 'Pulpo', 'Perro', 4, 7),
(1265, '¿Qué tipo de energía usa el sol?', 'Nuclear', 'Eólica', 'Química', 'Hidráulica', 1, 7),
(1266, '¿Qué instrumento mide humedad?', 'Barómetro', 'Higrómetro', 'Termómetro', 'Regla', 2, 7),
(1267, '¿Qué parte de planta produce semillas?', 'Raíz', 'Tallo', 'Flor', 'Hoja', 3, 7),
(1268, '¿Qué animal es insecto?', 'Perro', 'Gato', 'Ave', 'Mariposa', 4, 7),
(1269, '¿Qué es fuerza?', 'Empuje', 'Energía', 'Luz', 'Calor', 1, 7),
(1270, '¿Qué es masa?', 'Peso', 'Cantidad materia', 'Volumen', 'Tiempo', 2, 7),
(1271, '¿Qué es velocidad?', 'Distancia', 'Tiempo', 'Rapidez', 'Fuerza', 3, 7),
(1272, '¿Qué es energía?', 'Movimiento', 'Fuerza', 'Calor', 'Capacidad trabajo', 4, 7),
(1273, '¿Qué es célula vegetal?', 'Unidad planta', 'Órgano', 'Sistema', 'Tejido', 1, 7),
(1274, '¿Qué es fotosíntesis?', 'Respirar', 'Producir alimento', 'Moverse', 'Dormir', 2, 7),
(1275, '¿Qué es ADN?', 'Proteína', 'Átomo', 'Material genético', 'Energía', 3, 7),
(1276, '¿Qué es evolución?', 'Movimiento', 'Cambio', 'Respiración', 'Adaptación', 4, 7),
(1277, '¿Qué es calor?', 'Energía térmica', 'Movimiento', 'Gas', 'Luz', 1, 7),
(1278, '¿Qué es presión?', 'Peso', 'Fuerza', 'Tiempo', 'Velocidad', 2, 7),
(1279, '¿Qué es sonido?', 'Luz', 'Calor', 'Onda', 'Gas', 3, 7),
(1280, '¿Qué es luz?', 'Gas', 'Agua', 'Calor', 'Energía', 4, 7),
(1281, '¿Qué es ecosistema?', 'Sistema natural', 'Objeto', 'Energía', 'Gas', 1, 7),
(1282, '¿Qué es hábitat?', 'Clima', 'Lugar', 'Objeto', 'Energía', 2, 7),
(1283, '¿Qué es especie?', 'Objeto', 'Energía', 'Grupo similar', 'Gas', 3, 7),
(1284, '¿Qué es extinción?', 'Nacimiento', 'Vida', 'Cambio', 'Desaparición', 4, 7),
(1285, '¿Qué es evaporación?', 'Líquido a gas', 'Sólido a líquido', 'Gas a líquido', 'Sólido a gas', 1, 7),
(1286, '¿Qué es condensación?', 'Gas a sólido', 'Gas a líquido', 'Líquido a gas', 'Sólido a gas', 2, 7),
(1287, '¿Qué es fusión?', 'Gas a líquido', 'Líquido a gas', 'Sólido a líquido', 'Gas a sólido', 3, 7),
(1288, '¿Qué es solidificación?', 'Gas a líquido', 'Líquido a gas', 'Sólido a gas', 'Líquido a sólido', 4, 7),
(1289, '¿Qué energía usa agua?', 'Hidráulica', 'Solar', 'Eólica', 'Térmica', 1, 7),
(1290, '¿Qué energía usa viento?', 'Solar', 'Eólica', 'Hidráulica', 'Química', 2, 7),
(1291, '¿Qué energía usa sol?', 'Química', 'Térmica', 'Solar', 'Eólica', 3, 7),
(1292, '¿Qué energía usa combustibles?', 'Solar', 'Eólica', 'Hidráulica', 'Química', 4, 7),
(1293, '¿Qué es reciclaje?', 'Reutilizar', 'Desechar', 'Quemar', 'Enterrar', 1, 7),
(1294, '¿Qué es contaminación?', 'Limpieza', 'Daño', 'Agua', 'Aire', 2, 7),
(1295, '¿Qué es biodiversidad?', 'Objeto', 'Energía', 'Variedad vida', 'Gas', 3, 7),
(1296, '¿Qué es recurso natural?', 'Objeto', 'Energía', 'Gas', 'Elemento útil', 4, 7),
(1297, '¿Qué es magnetismo?', 'Fuerza', 'Energía', 'Calor', 'Gas', 1, 7),
(1298, '¿Qué es electricidad?', 'Fuerza', 'Energía', 'Movimiento', 'Calor', 2, 7),
(1299, '¿Qué es circuito?', 'Energía', 'Agua', 'Camino eléctrico', 'Gas', 3, 7),
(1300, '¿Qué es batería?', 'Motor', 'Cable', 'Foco', 'Almacena energía', 4, 7),
(1301, '¿Qué planeta tiene más lunas?', 'Saturno', 'Marte', 'Venus', 'Mercurio', 1, 7),
(1302, '¿Qué gas usan plantas para fotosíntesis?', 'Oxígeno', 'CO2', 'Nitrógeno', 'Helio', 2, 7),
(1303, '¿Qué estructura celular contiene ADN?', 'Membrana', 'Citoplasma', 'Núcleo', 'Mitocondria', 3, 7),
(1304, '¿Qué animal es ovíparo?', 'Perro', 'Gato', 'Ballena', 'Gallina', 4, 7),
(1305, '¿Qué energía proviene del interior de la Tierra?', 'Geotérmica', 'Solar', 'Eólica', 'Química', 1, 7),
(1306, '¿Qué mide un anemómetro?', 'Temperatura', 'Velocidad viento', 'Presión', 'Tiempo', 2, 7),
(1307, '¿Qué parte de la planta realiza fotosíntesis?', 'Raíz', 'Tallo', 'Hoja', 'Flor', 3, 7),
(1308, '¿Qué animal es invertebrado?', 'Perro', 'Gato', 'Ave', 'Araña', 4, 7),
(1309, '¿Qué es energía mecánica?', 'Movimiento', 'Luz', 'Calor', 'Gas', 1, 7),
(1310, '¿Qué es volumen?', 'Peso', 'Espacio ocupado', 'Tiempo', 'Velocidad', 2, 7),
(1311, '¿Qué es aceleración?', 'Distancia', 'Tiempo', 'Cambio velocidad', 'Fuerza', 3, 7),
(1312, '¿Qué es trabajo en física?', 'Fuerza', 'Energía', 'Calor', 'Fuerza por distancia', 4, 7),
(1313, '¿Qué es célula animal?', 'Unidad vida', 'Órgano', 'Sistema', 'Tejido', 1, 7),
(1314, '¿Qué es respiración celular?', 'Movimiento', 'Producción energía', 'Digestión', 'Circulación', 2, 7),
(1315, '¿Qué es proteína?', 'Grasa', 'Carbohidrato', 'Molécula estructural', 'Vitaminas', 3, 7),
(1316, '¿Qué es mutación?', 'Cambio', 'Movimiento', 'Respiración', 'Cambio genético', 4, 7),
(1317, '¿Qué es energía luminosa?', 'Luz', 'Calor', 'Movimiento', 'Gas', 1, 7),
(1318, '¿Qué es presión atmosférica?', 'Peso', 'Fuerza aire', 'Tiempo', 'Velocidad', 2, 7),
(1319, '¿Qué es frecuencia?', 'Distancia', 'Tiempo', 'Número ondas', 'Fuerza', 3, 7),
(1320, '¿Qué es refracción?', 'Reflejo', 'Absorción', 'Difusión', 'Cambio dirección luz', 4, 7),
(1321, '¿Qué es bioma?', 'Región natural', 'Objeto', 'Energía', 'Gas', 1, 7),
(1322, '¿Qué es nicho ecológico?', 'Clima', 'Función', 'Objeto', 'Energía', 2, 7),
(1323, '¿Qué es población?', 'Objeto', 'Energía', 'Grupo individuos', 'Gas', 3, 7),
(1324, '¿Qué es migración?', 'Nacimiento', 'Vida', 'Cambio', 'Desplazamiento', 4, 7),
(1325, '¿Qué es sublimación inversa?', 'Gas a sólido', 'Sólido a gas', 'Líquido a gas', 'Gas a líquido', 1, 7),
(1326, '¿Qué es ebullición?', 'Sólido a líquido', 'Líquido a gas', 'Gas a líquido', 'Sólido a gas', 2, 7),
(1327, '¿Qué es licuefacción?', 'Gas a sólido', 'Sólido a gas', 'Gas a líquido', 'Sólido a líquido', 3, 7),
(1328, '¿Qué es deposición?', 'Gas a líquido', 'Líquido a gas', 'Sólido a gas', 'Gas a sólido', 4, 7),
(1329, '¿Qué energía usa presas?', 'Hidráulica', 'Solar', 'Eólica', 'Nuclear', 1, 7),
(1330, '¿Qué energía usa paneles?', 'Térmica', 'Solar', 'Química', 'Eólica', 2, 7),
(1331, '¿Qué energía usa molinos?', 'Química', 'Solar', 'Eólica', 'Hidráulica', 3, 7),
(1332, '¿Qué energía usa reacciones?', 'Solar', 'Eólica', 'Hidráulica', 'Química', 4, 7),
(1333, '¿Qué es reciclaje orgánico?', 'Reutilizar residuos', 'Desechar', 'Quemar', 'Enterrar', 1, 7),
(1334, '¿Qué es efecto invernadero?', 'Limpieza', 'Calor retenido', 'Agua', 'Aire', 2, 7),
(1335, '¿Qué es deforestación?', 'Objeto', 'Energía', 'Tala árboles', 'Gas', 3, 7),
(1336, '¿Qué es recurso renovable?', 'Objeto', 'Energía', 'Gas', 'Recurso regenerable', 4, 7),
(1337, '¿Qué es campo eléctrico?', 'Zona energía', 'Fuerza', 'Calor', 'Gas', 1, 7),
(1338, '¿Qué es corriente eléctrica?', 'Fuerza', 'Flujo electrones', 'Movimiento', 'Calor', 2, 7),
(1339, '¿Qué es resistencia?', 'Energía', 'Agua', 'Oposición flujo', 'Gas', 3, 7),
(1340, '¿Qué es voltaje?', 'Motor', 'Cable', 'Foco', 'Diferencia potencial', 4, 7),
(1341, '¿Qué es fotosíntesis química?', 'Reacción luz', 'Calor', 'Movimiento', 'Gas', 1, 7),
(1342, '¿Qué es respiración aerobia?', 'Sin oxígeno', 'Con oxígeno', 'Solo plantas', 'Solo animales', 2, 7),
(1343, '¿Qué es clorofila?', 'Proteína', 'Pigmento', 'Grasa', 'Ácido', 2, 7),
(1344, '¿Qué es mitosis?', 'Meiosis', 'Reproducción', 'División celular', 'Mutación', 3, 7),
(1345, '¿Qué es átomo neutro?', 'Sin carga', 'Positivo', 'Negativo', 'Ion', 1, 7),
(1346, '¿Qué es electrón?', 'Protón', 'Carga negativa', 'Neutrón', 'Átomo', 2, 7),
(1347, '¿Qué es protón?', 'Carga negativa', 'Neutrón', 'Carga positiva', 'Electrón', 3, 7),
(1348, '¿Qué es neutrón?', 'Carga negativa', 'Carga positiva', 'Ion', 'Sin carga', 4, 7),
(1349, '¿Qué es calor específico?', 'Cantidad calor', 'Temperatura', 'Energía', 'Tiempo', 1, 7),
(1350, '¿Qué es energía interna?', 'Fuerza', 'Energía total', 'Movimiento', 'Calor', 2, 7),
(1351, '¿Qué es radiación?', 'Movimiento', 'Calor', 'Transferencia energía', 'Fuerza', 3, 7),
(1352, '¿Qué es convección?', 'Movimiento', 'Radiación', 'Difusión', 'Transferencia fluido', 4, 7),
(1353, '¿Qué es biosfera?', 'Zona vida', 'Objeto', 'Energía', 'Gas', 1, 7),
(1354, '¿Qué es hidrosfera?', 'Agua', 'Tierra', 'Aire', 'Fuego', 1, 7),
(1355, '¿Qué es atmósfera?', 'Tierra', 'Aire', 'Agua', 'Fuego', 2, 7),
(1356, '¿Qué es litosfera?', 'Agua', 'Aire', 'Tierra sólida', 'Fuego', 3, 7),
(1357, '¿Qué es terremoto?', 'Movimiento tierra', 'Agua', 'Viento', 'Fuego', 1, 7),
(1358, '¿Qué es tsunami?', 'Viento', 'Ola gigante', 'Fuego', 'Roca', 2, 7),
(1359, '¿Qué es volcán activo?', 'Apagado', 'Dormido', 'En erupción', 'Frío', 3, 7),
(1360, '¿Qué es magma?', 'Roca', 'Agua', 'Gas', 'Roca fundida', 4, 7),
(1361, '¿Qué es órbita?', 'Trayectoria', 'Fuerza', 'Calor', 'Gas', 1, 7),
(1362, '¿Qué es rotación?', 'Traslación', 'Giro', 'Movimiento', 'Fuerza', 2, 7),
(1363, '¿Qué es traslación?', 'Giro', 'Movimiento', 'Viaje alrededor', 'Fuerza', 3, 7),
(1364, '¿Qué es gravedad?', 'Movimiento', 'Energía', 'Calor', 'Atracción', 4, 7),
(1365, '¿Qué es energía renovable?', 'Inagotable', 'Limitada', 'Fósil', 'Artificial', 1, 7),
(1366, '¿Qué es energía no renovable?', 'Inagotable', 'Limitada', 'Natural', 'Solar', 2, 7),
(1367, '¿Qué es petróleo?', 'Gas', 'Agua', 'Combustible fósil', 'Metal', 3, 7),
(1368, '¿Qué es carbón?', 'Gas', 'Agua', 'Metal', 'Combustible fósil', 4, 7),
(1369, '¿Qué planeta tiene mayor gravedad?', 'Júpiter', 'Marte', 'Venus', 'Mercurio', 1, 7),
(1370, '¿Qué gas es inflamable?', 'Oxígeno', 'Hidrógeno', 'Nitrógeno', 'Helio', 2, 7),
(1371, '¿Qué organelo produce proteínas?', 'Núcleo', 'Mitocondria', 'Ribosoma', 'Membrana', 3, 7),
(1372, '¿Qué animal tiene exoesqueleto?', 'Perro', 'Gato', 'Ave', 'Cangrejo', 4, 7),
(1373, '¿Qué tipo de energía usa calor interno?', 'Geotérmica', 'Solar', 'Eólica', 'Química', 1, 7),
(1374, '¿Qué mide un termómetro?', 'Presión', 'Temperatura', 'Tiempo', 'Distancia', 2, 7),
(1375, '¿Qué parte transporta savia?', 'Raíz', 'Hoja', 'Tallo', 'Flor', 3, 7),
(1376, '¿Qué animal es molusco?', 'Perro', 'Gato', 'Ave', 'Pulpo', 4, 7),
(1377, '¿Qué es fuerza gravitacional?', 'Atracción', 'Energía', 'Calor', 'Luz', 1, 7),
(1378, '¿Qué es densidad?', 'Peso', 'Relación masa-volumen', 'Tiempo', 'Velocidad', 2, 7),
(1379, '¿Qué es onda?', 'Partícula', 'Objeto', 'Perturbación', 'Fuerza', 3, 7),
(1380, '¿Qué es energía térmica?', 'Movimiento', 'Luz', 'Fuerza', 'Calor', 4, 7),
(1381, '¿Qué es célula procariota?', 'Sin núcleo', 'Con núcleo', 'Compleja', 'Tejido', 1, 7),
(1382, '¿Qué es digestión?', 'Respirar', 'Descomposición alimento', 'Moverse', 'Pensar', 2, 7),
(1383, '¿Qué es enzima?', 'Grasa', 'Azúcar', 'Proteína', 'Ácido', 3, 7),
(1384, '¿Qué es homeostasis?', 'Movimiento', 'Cambio', 'Energía', 'Equilibrio interno', 4, 7),
(1385, '¿Qué es conducción?', 'Transferencia calor', 'Movimiento', 'Luz', 'Gas', 1, 7),
(1386, '¿Qué es presión hidráulica?', 'Peso', 'Fuerza en líquidos', 'Tiempo', 'Velocidad', 2, 7),
(1387, '¿Qué es longitud de onda?', 'Altura', 'Tiempo', 'Distancia onda', 'Fuerza', 3, 7),
(1388, '¿Qué es reflexión?', 'Refracción', 'Absorción', 'Difusión', 'Rebote luz', 4, 7),
(1389, '¿Qué es comunidad?', 'Grupo especies', 'Objeto', 'Energía', 'Gas', 1, 7),
(1390, '¿Qué es depredador tope?', 'Planta', 'Consumidor superior', 'Descomponedor', 'Productor', 2, 7),
(1391, '¿Qué es cadena trófica?', 'Objeto', 'Energía', 'Flujo alimento', 'Gas', 3, 7),
(1392, '¿Qué es sucesión ecológica?', 'Nacimiento', 'Cambio', 'Movimiento', 'Proceso gradual', 4, 7),
(1393, '¿Qué es energía mecánica potencial?', 'Energía posición', 'Movimiento', 'Calor', 'Luz', 1, 7),
(1394, '¿Qué es energía sonora?', 'Luz', 'Sonido', 'Calor', 'Gas', 2, 7),
(1395, '¿Qué es energía cinética rotacional?', 'Reposo', 'Calor', 'Movimiento giro', 'Luz', 3, 7),
(1396, '¿Qué es energía eléctrica estática?', 'Movimiento', 'Calor', 'Luz', 'Cargas en reposo', 4, 7),
(1397, '¿Qué es recurso hídrico?', 'Agua', 'Tierra', 'Aire', 'Fuego', 1, 7),
(1398, '¿Qué es sobrepoblación?', 'Pocos individuos', 'Exceso población', 'Equilibrio', 'Migración', 2, 7),
(1399, '¿Qué es desertificación?', 'Agua', 'Bosque', 'Degradación suelo', 'Lluvia', 3, 7),
(1400, '¿Qué es energía limpia?', 'Contaminante', 'Fósil', 'Gas', 'No contamina', 4, 7),
(1401, '¿Cuántos jugadores hay en un equipo de fútbol en cancha?', '11', '10', '9', '12', 1, 8),
(1402, '¿Cuántos sets se necesitan para ganar en tenis masculino?', '2', '3', '4', '5', 2, 8),
(1403, '¿Cuántos puntos vale un triple en baloncesto?', '1', '2', '3', '4', 3, 8),
(1404, '¿Cuántos jugadores hay en un equipo de voleibol?', '5', '7', '8', '6', 4, 8),
(1405, '¿Qué deporte usa raqueta y volante?', 'Bádminton', 'Tenis', 'Ping pong', 'Squash', 1, 8),
(1406, '¿Qué deporte se juega en cancha de arcilla?', 'Fútbol', 'Tenis', 'Béisbol', 'Golf', 2, 8),
(1407, '¿Qué deporte usa balón ovalado?', 'Fútbol', 'Básquet', 'Voleibol', 'Rugby', 4, 8),
(1408, '¿Qué deporte se juega en hielo con disco?', 'Hockey', 'Fútbol', 'Tenis', 'Golf', 1, 8),
(1409, '¿Qué país originó el fútbol moderno?', 'Brasil', 'España', 'Inglaterra', 'Italia', 3, 8),
(1410, '¿Qué país es famoso por el sumo?', 'China', 'Japón', 'Corea', 'India', 2, 8),
(1411, '¿Qué país inventó el béisbol?', 'EE.UU.', 'México', 'Cuba', 'Canadá', 1, 8),
(1412, '¿Qué país es fuerte en cricket?', 'Francia', 'Italia', 'Alemania', 'India', 4, 8),
(1413, '¿Qué músculo se usa más al correr?', 'Piernas', 'Brazos', 'Espalda', 'Cuello', 1, 8),
(1414, '¿Qué deporte requiere piscina?', 'Fútbol', 'Natación', 'Atletismo', 'Boxeo', 2, 8),
(1415, '¿Qué deporte usa guantes?', 'Tenis', 'Fútbol', 'Boxeo', 'Golf', 3, 8),
(1416, '¿Qué deporte usa casco?', 'Tenis', 'Fútbol', 'Béisbol', 'Ciclismo', 4, 8),
(1417, '¿Cuántos tiempos tiene un partido de fútbol?', '2', '3', '4', '5', 1, 8),
(1418, '¿Cuántos cuartos hay en baloncesto?', '2', '3', '4', '5', 3, 8),
(1419, '¿Cuántos innings hay en béisbol?', '7', '8', '9', '10', 3, 8),
(1420, '¿Cuántos sets hay en voleibol máximo?', '3', '4', '5', '6', 3, 8),
(1421, '¿Qué deporte usa red alta?', 'Tenis', 'Voleibol', 'Bádminton', 'Ping pong', 2, 8),
(1422, '¿Qué deporte usa bate?', 'Fútbol', 'Tenis', 'Béisbol', 'Natación', 3, 8),
(1423, '¿Qué deporte es acuático?', 'Fútbol', 'Básquet', 'Tenis', 'Natación', 4, 8),
(1424, '¿Qué deporte usa arco?', 'Tiro con arco', 'Fútbol', 'Básquet', 'Tenis', 1, 8),
(1425, '¿Qué deporte usa balón pequeño?', 'Tenis', 'Fútbol', 'Voleibol', 'Rugby', 1, 8),
(1426, '¿Qué deporte usa cancha grande?', 'Fútbol', 'Tenis', 'Ping pong', 'Bádminton', 1, 8),
(1427, '¿Qué deporte es individual?', 'Fútbol', 'Tenis', 'Básquet', 'Voleibol', 2, 8),
(1428, '¿Qué deporte es de combate?', 'Fútbol', 'Básquet', 'Boxeo', 'Golf', 3, 8),
(1429, '¿Qué deporte usa portería?', 'Fútbol', 'Tenis', 'Golf', 'Boxeo', 1, 8),
(1430, '¿Qué deporte usa aro?', 'Fútbol', 'Básquet', 'Tenis', 'Golf', 2, 8),
(1431, '¿Qué deporte usa pista?', 'Fútbol', 'Tenis', 'Atletismo', 'Golf', 3, 8),
(1432, '¿Qué deporte usa green?', 'Fútbol', 'Básquet', 'Tenis', 'Golf', 4, 8),
(1433, '¿Qué deporte usa casco y pads?', 'Fútbol americano', 'Fútbol', 'Tenis', 'Golf', 1, 8),
(1434, '¿Qué deporte usa raqueta pequeña?', 'Fútbol', 'Ping pong', 'Béisbol', 'Golf', 2, 8),
(1435, '¿Qué deporte usa balón medicinal?', 'Fútbol', 'Tenis', 'Entrenamiento', 'Golf', 3, 8),
(1436, '¿Qué deporte usa cronómetro?', 'Fútbol', 'Tenis', 'Natación', 'Carrera', 4, 8),
(1437, '¿Qué deporte es olímpico?', 'Atletismo', 'Ajedrez', 'Poker', 'Billar', 1, 8),
(1438, '¿Qué deporte usa pista hielo?', 'Fútbol', 'Hockey', 'Tenis', 'Golf', 2, 8),
(1439, '¿Qué deporte usa red baja?', 'Fútbol', 'Básquet', 'Ping pong', 'Golf', 3, 8),
(1440, '¿Qué deporte usa tabla?', 'Fútbol', 'Tenis', 'Golf', 'Surf', 4, 8),
(1441, '¿Qué deporte usa balón pesado?', 'Balonmano', 'Tenis', 'Ping pong', 'Golf', 1, 8),
(1442, '¿Qué deporte usa guantes grandes?', 'Fútbol', 'Boxeo', 'Tenis', 'Golf', 2, 8),
(1443, '¿Qué deporte usa cronómetro exacto?', 'Fútbol', 'Tenis', 'Atletismo', 'Golf', 3, 8),
(1444, '¿Qué deporte usa casco integral?', 'Tenis', 'Fútbol', 'Golf', 'Motociclismo', 4, 8),
(1445, '¿Qué deporte requiere resistencia?', 'Maratón', 'Golf', 'Billar', 'Ajedrez', 1, 8),
(1446, '¿Qué deporte requiere precisión?', 'Fútbol', 'Tiro con arco', 'Boxeo', 'Rugby', 2, 8),
(1447, '¿Qué deporte requiere fuerza?', 'Tenis', 'Golf', 'Levantamiento', 'Ajedrez', 3, 8),
(1448, '¿Qué deporte requiere equilibrio?', 'Fútbol', 'Tenis', 'Golf', 'Gimnasia', 4, 8),
(1449, '¿Cuántos jugadores hay en rugby?', '13', '15', '11', '9', 2, 8),
(1450, '¿Qué deporte usa aro?', 'Fútbol', 'Básquet', 'Tenis', 'Golf', 2, 8),
(1451, '¿Qué deporte usa casco integral?', 'Fútbol', 'Tenis', 'Golf', 'Motocross', 4, 8),
(1452, '¿Cuántos jugadores en waterpolo?', '7', '6', '5', '8', 1, 8),
(1453, '¿Qué deporte usa bate?', 'Fútbol', 'Béisbol', 'Tenis', 'Golf', 2, 8),
(1454, '¿Qué deporte usa espada?', 'Fútbol', 'Tenis', 'Esgrima', 'Golf', 3, 8),
(1455, '¿Qué deporte usa red playa?', 'Fútbol', 'Tenis', 'Golf', 'Voleibol', 4, 8),
(1456, '¿Qué deporte usa pista hielo?', 'Fútbol', 'Patinaje', 'Tenis', 'Golf', 2, 8),
(1457, '¿Qué deporte usa balón ovalado?', 'Rugby', 'Fútbol', 'Tenis', 'Golf', 1, 8),
(1458, '¿Cuántos jugadores hay en hockey?', '5', '6', '7', '8', 3, 8),
(1459, '¿Qué deporte usa casco ciclismo?', 'Fútbol', 'Tenis', 'Golf', 'Ciclismo', 4, 8),
(1460, '¿Qué deporte usa red y raqueta?', 'Tenis', 'Fútbol', 'Básquet', 'Golf', 1, 8),
(1461, '¿Qué deporte usa balón ligero?', 'Fútbol', 'Voleibol', 'Tenis', 'Golf', 2, 8),
(1462, '¿Qué deporte usa kimono?', 'Fútbol', 'Tenis', 'Karate', 'Golf', 3, 8),
(1463, '¿Qué deporte usa tabla nieve?', 'Fútbol', 'Tenis', 'Golf', 'Snowboard', 4, 8),
(1464, '¿Cuántos tiempos tiene baloncesto?', '2', '4', '3', '5', 2, 8),
(1465, '¿Qué deporte usa pista de atletismo?', 'Fútbol', 'Tenis', 'Atletismo', 'Golf', 3, 8),
(1466, '¿Qué deporte usa balón pequeño duro?', 'Golf', 'Fútbol', 'Tenis', 'Voleibol', 1, 8),
(1467, '¿Qué deporte usa guantes boxeo?', 'Fútbol', 'Boxeo', 'Tenis', 'Golf', 2, 8),
(1468, '¿Qué deporte usa disco hielo?', 'Fútbol', 'Hockey', 'Tenis', 'Golf', 2, 8),
(1469, '¿Qué deporte usa trampolín?', 'Clavados', 'Fútbol', 'Tenis', 'Golf', 1, 8),
(1470, '¿Cuántos rounds hay en boxeo profesional?', '10', '11', '12', '13', 3, 8),
(1471, '¿Qué deporte usa red baja?', 'Ping pong', 'Fútbol', 'Tenis', 'Golf', 1, 8),
(1472, '¿Qué deporte usa casco en moto?', 'Motociclismo', 'Ciclismo', 'Fútbol', 'Tenis', 1, 8),
(1473, '¿Qué deporte usa tabla en el mar?', 'Fútbol', 'Surf', 'Tenis', 'Golf', 2, 8),
(1474, '¿Qué deporte usa cancha pequeña?', 'Fútbol', 'Futsal', 'Tenis', 'Golf', 2, 8),
(1475, '¿Qué deporte usa pista de hielo?', 'Fútbol', 'Patinaje', 'Tenis', 'Golf', 2, 8),
(1476, '¿Qué deporte usa balón naranja?', 'Fútbol', 'Básquet', 'Tenis', 'Golf', 2, 8),
(1477, '¿Qué deporte usa aro alto?', 'Fútbol', 'Básquet', 'Tenis', 'Golf', 2, 8),
(1478, '¿Qué deporte usa red tenis?', 'Fútbol', 'Tenis', 'Golf', 'Boxeo', 2, 8),
(1479, '¿Qué deporte usa bate madera?', 'Fútbol', 'Béisbol', 'Tenis', 'Golf', 2, 8),
(1480, '¿Qué deporte usa cuerda?', 'Fútbol', 'Escalada', 'Tenis', 'Golf', 2, 8),
(1481, '¿Qué deporte usa tatami?', 'Fútbol', 'Tenis', 'Judo', 'Golf', 3, 8),
(1482, '¿Qué deporte usa ring?', 'Fútbol', 'Tenis', 'Boxeo', 'Golf', 3, 8),
(1483, '¿Qué deporte usa casco moto?', 'Fútbol', 'Tenis', 'Motociclismo', 'Golf', 3, 8),
(1484, '¿Qué deporte usa red alta?', 'Fútbol', 'Tenis', 'Voleibol', 'Golf', 3, 8),
(1485, '¿Qué deporte usa balón pesado?', 'Fútbol', 'Tenis', 'Balonmano', 'Golf', 3, 8),
(1486, '¿Qué deporte usa cancha rugby?', 'Fútbol', 'Tenis', 'Rugby', 'Golf', 3, 8),
(1487, '¿Qué deporte usa disco hockey?', 'Fútbol', 'Tenis', 'Hockey', 'Golf', 3, 8),
(1488, '¿Qué deporte usa esquí nieve?', 'Fútbol', 'Tenis', 'Esquí', 'Golf', 3, 8),
(1489, '¿Qué deporte usa tabla surf?', 'Fútbol', 'Tenis', 'Surf', 'Golf', 3, 8),
(1490, '¿Qué deporte usa cronómetro carrera?', 'Fútbol', 'Tenis', 'Atletismo', 'Golf', 3, 8),
(1491, '¿Qué deporte usa red ping pong?', 'Fútbol', 'Tenis', 'Ping pong', 'Golf', 3, 8),
(1492, '¿Qué deporte usa balón rugby?', 'Fútbol', 'Tenis', 'Rugby', 'Golf', 3, 8),
(1493, '¿Qué deporte usa aro básquet?', 'Fútbol', 'Tenis', 'Básquet', 'Golf', 3, 8),
(1494, '¿Qué deporte usa pista carrera?', 'Fútbol', 'Tenis', 'Golf', 'Atletismo', 4, 8),
(1495, '¿Qué deporte usa esquí montaña?', 'Tenis', 'Golf', 'Básquet', 'Esquí', 4, 8),
(1496, '¿Qué deporte usa portería fútbol?', 'Tenis', 'Golf', 'Básquet', 'Fútbol', 4, 8),
(1497, '¿Qué deporte usa guantes portero?', 'Tenis', 'Golf', 'Básquet', 'Fútbol', 4, 8),
(1498, '¿Qué deporte usa casco hockey?', 'Tenis', 'Golf', 'Básquet', 'Hockey', 4, 8),
(1499, '¿Qué deporte usa red playa?', 'Fútbol', 'Tenis', 'Golf', 'Voleibol', 4, 8),
(1500, '¿Qué deporte usa cronómetro oficial?', 'Tenis', 'Golf', 'Básquet', 'Atletismo', 4, 8),
(1501, '¿Qué deporte usa bate béisbol?', 'Fútbol', 'Tenis', 'Golf', 'Béisbol', 4, 8),
(1502, '¿Cuántos sets máximos en voleibol?', '3', '4', '6', '5', 4, 8),
(1503, '¿Cuántos jugadores en handball?', '5', '6', '8', '7', 4, 8),
(1504, '¿Cuántos jugadores en fútbol sala?', '4', '5', '6', '5', 4, 8),
(1505, '¿Cuántos tiempos hockey?', '2', '3', '4', '3', 4, 8),
(1506, '¿Qué deporte requiere resistencia?', 'Maratón', 'Ajedrez', 'Billar', 'Golf', 1, 8),
(1507, '¿Qué deporte requiere precisión?', 'Fútbol', 'Tiro con arco', 'Boxeo', 'Rugby', 2, 8),
(1508, '¿Qué deporte requiere fuerza?', 'Tenis', 'Golf', 'Levantamiento', 'Ajedrez', 3, 8),
(1509, '¿Qué deporte requiere equilibrio?', 'Fútbol', 'Tenis', 'Golf', 'Gimnasia', 4, 8),
(1510, '¿Qué deporte usa balón esférico?', 'Fútbol', 'Tenis', 'Golf', 'Béisbol', 1, 8),
(1511, '¿Qué deporte usa pista ovalada?', 'Atletismo', 'Fútbol', 'Tenis', 'Golf', 1, 8),
(1512, '¿Qué deporte usa casco y rodilleras?', 'Skate', 'Fútbol', 'Tenis', 'Golf', 1, 8),
(1513, '¿Qué deporte usa red arena?', 'Voleibol playa', 'Fútbol', 'Tenis', 'Golf', 1, 8),
(1514, '¿Qué deporte usa balón medicinal?', 'Entrenamiento', 'Fútbol', 'Tenis', 'Golf', 1, 8),
(1515, '¿Qué deporte usa casco y patines?', 'Hockey', 'Fútbol', 'Tenis', 'Golf', 1, 8),
(1516, '¿Cuántos jugadores hay en voleibol playa?', '1', '2', '3', '4', 2, 8),
(1517, '¿Qué deporte usa balón de cuero pequeño?', 'Fútbol', 'Tenis', 'Béisbol', 'Golf', 3, 8),
(1518, '¿Qué deporte usa cronómetro en pista?', 'Fútbol', 'Tenis', 'Golf', 'Atletismo', 4, 8),
(1519, '¿Qué deporte usa red y volante?', 'Bádminton', 'Fútbol', 'Tenis', 'Golf', 1, 8),
(1520, '¿Cuántos jugadores en cricket?', '9', '10', '11', '12', 3, 8),
(1521, '¿Qué deporte usa guantes grandes acolchados?', 'Fútbol', 'Boxeo', 'Tenis', 'Golf', 2, 8),
(1522, '¿Qué deporte usa tabla con ruedas?', 'Fútbol', 'Tenis', 'Golf', 'Skate', 4, 8),
(1523, '¿Qué deporte usa pista de madera?', 'Básquet', 'Fútbol', 'Tenis', 'Golf', 1, 8),
(1524, '¿Qué deporte usa red baja pequeña?', 'Fútbol', 'Ping pong', 'Tenis', 'Golf', 2, 8),
(1525, '¿Qué deporte usa casco en ciclismo?', 'Fútbol', 'Tenis', 'Ciclismo', 'Golf', 3, 8),
(1526, '¿Qué deporte usa arco metálico?', 'Fútbol', 'Tenis', 'Golf', 'Tiro con arco', 4, 8),
(1527, '¿Qué deporte usa balón en piscina?', 'Waterpolo', 'Fútbol', 'Tenis', 'Golf', 1, 8),
(1528, '¿Qué deporte usa pista de hielo con cuchillas?', 'Fútbol', 'Patinaje', 'Tenis', 'Golf', 2, 8),
(1529, '¿Qué deporte usa bate y pelota?', 'Fútbol', 'Tenis', 'Béisbol', 'Golf', 3, 8),
(1530, '¿Qué deporte usa casco en motocross?', 'Fútbol', 'Tenis', 'Golf', 'Motocross', 4, 8),
(1531, '¿Qué deporte usa cancha de césped?', 'Fútbol', 'Básquet', 'Tenis', 'Golf', 1, 8),
(1532, '¿Qué deporte usa balón naranja con aro?', 'Fútbol', 'Básquet', 'Tenis', 'Golf', 2, 8),
(1533, '¿Qué deporte usa red alta central?', 'Fútbol', 'Tenis', 'Voleibol', 'Golf', 3, 8),
(1534, '¿Qué deporte usa green?', 'Fútbol', 'Tenis', 'Básquet', 'Golf', 4, 8),
(1535, '¿Qué deporte usa casco en béisbol?', 'Béisbol', 'Fútbol', 'Tenis', 'Golf', 1, 8),
(1536, '¿Qué deporte usa red en mesa?', 'Fútbol', 'Ping pong', 'Tenis', 'Golf', 2, 8),
(1537, '¿Qué deporte usa guantes de box?', 'Fútbol', 'Tenis', 'Boxeo', 'Golf', 3, 8),
(1538, '¿Qué deporte usa pista de nieve?', 'Fútbol', 'Tenis', 'Golf', 'Esquí', 4, 8),
(1539, '¿Qué deporte usa balón ovalado?', 'Rugby', 'Fútbol', 'Tenis', 'Golf', 1, 8),
(1540, '¿Qué deporte usa red y raqueta pequeña?', 'Fútbol', 'Ping pong', 'Tenis', 'Golf', 2, 8),
(1541, '¿Qué deporte usa casco ciclismo?', 'Fútbol', 'Tenis', 'Ciclismo', 'Golf', 3, 8),
(1542, '¿Qué deporte usa tabla en el mar?', 'Fútbol', 'Tenis', 'Golf', 'Surf', 4, 8),
(1543, '¿Qué deporte usa portería?', 'Fútbol', 'Tenis', 'Golf', 'Básquet', 1, 8),
(1544, '¿Qué deporte usa balón ligero?', 'Fútbol', 'Voleibol', 'Tenis', 'Golf', 2, 8),
(1545, '¿Qué deporte usa aro elevado?', 'Fútbol', 'Tenis', 'Básquet', 'Golf', 3, 8),
(1546, '¿Qué deporte usa casco hockey?', 'Fútbol', 'Tenis', 'Golf', 'Hockey', 4, 8),
(1547, '¿Qué deporte usa pista de carreras?', 'Atletismo', 'Fútbol', 'Tenis', 'Golf', 1, 8),
(1548, '¿Qué deporte usa guantes portero?', 'Fútbol', 'Básquet', 'Tenis', 'Golf', 1, 8),
(1549, '¿Qué deporte usa disco en hielo?', 'Hockey', 'Fútbol', 'Tenis', 'Golf', 1, 8),
(1550, '¿Qué deporte usa casco integral moto?', 'Motociclismo', 'Fútbol', 'Tenis', 'Golf', 1, 8),
(1551, '¿Qué deporte usa cronómetro exacto?', 'Atletismo', 'Fútbol', 'Tenis', 'Golf', 1, 8),
(1552, '¿Qué deporte usa balón pesado?', 'Balonmano', 'Fútbol', 'Tenis', 'Golf', 1, 8),
(1553, '¿Qué deporte usa red playa?', 'Voleibol playa', 'Fútbol', 'Tenis', 'Golf', 1, 8),
(1554, '¿Qué deporte usa tabla nieve?', 'Snowboard', 'Fútbol', 'Tenis', 'Golf', 1, 8),
(1555, '¿Qué deporte usa cuerda y arnés?', 'Escalada', 'Fútbol', 'Tenis', 'Golf', 1, 8),
(1556, '¿Qué deporte usa pista ovalada?', 'Atletismo', 'Fútbol', 'Tenis', 'Golf', 1, 8),
(1557, '¿Qué deporte usa balón de fútbol?', 'Fútbol', 'Tenis', 'Golf', 'Béisbol', 1, 8),
(1558, '¿Qué deporte usa casco y rodilleras?', 'Skate', 'Fútbol', 'Tenis', 'Golf', 1, 8),
(1559, '¿Qué deporte usa red central alta?', 'Voleibol', 'Fútbol', 'Tenis', 'Golf', 1, 8),
(1560, '¿Qué deporte usa bate madera?', 'Béisbol', 'Fútbol', 'Tenis', 'Golf', 1, 8),
(1561, '¿Qué deporte usa pista hielo?', 'Patinaje', 'Fútbol', 'Tenis', 'Golf', 1, 8),
(1562, '¿Qué deporte usa trampolín?', 'Clavados', 'Fútbol', 'Tenis', 'Golf', 1, 8),
(1563, '¿Qué deporte usa balón en cancha con porterías?', 'Fútbol', 'Tenis', 'Golf', 'Béisbol', 1, 8),
(1564, '¿Qué deporte usa red en mesa pequeña?', 'Fútbol', 'Ping pong', 'Tenis', 'Golf', 2, 8),
(1565, '¿Qué deporte usa guantes acolchados?', 'Fútbol', 'Tenis', 'Boxeo', 'Golf', 3, 8),
(1566, '¿Qué deporte usa tabla en olas?', 'Fútbol', 'Tenis', 'Golf', 'Surf', 4, 8),
(1567, '¿Qué deporte usa pista con carriles?', 'Atletismo', 'Fútbol', 'Tenis', 'Golf', 1, 8),
(1568, '¿Qué deporte usa aro elevado para encestar?', 'Fútbol', 'Básquet', 'Tenis', 'Golf', 2, 8),
(1569, '¿Qué deporte usa red central alta?', 'Fútbol', 'Tenis', 'Voleibol', 'Golf', 3, 8),
(1570, '¿Qué deporte usa green para jugar?', 'Fútbol', 'Tenis', 'Básquet', 'Golf', 4, 8),
(1571, '¿Qué deporte usa casco en ciclismo?', 'Ciclismo', 'Fútbol', 'Tenis', 'Golf', 1, 8),
(1572, '¿Qué deporte usa balón pequeño duro?', 'Fútbol', 'Golf', 'Tenis', 'Voleibol', 2, 8),
(1573, '¿Qué deporte usa espada?', 'Fútbol', 'Tenis', 'Esgrima', 'Golf', 3, 8),
(1574, '¿Qué deporte usa casco integral?', 'Fútbol', 'Tenis', 'Golf', 'Motocross', 4, 8),
(1575, '¿Qué deporte usa disco en hielo?', 'Hockey', 'Fútbol', 'Tenis', 'Golf', 1, 8),
(1576, '¿Qué deporte usa red baja?', 'Fútbol', 'Ping pong', 'Tenis', 'Golf', 2, 8),
(1577, '¿Qué deporte usa bate y pelota?', 'Fútbol', 'Tenis', 'Béisbol', 'Golf', 3, 8),
(1578, '¿Qué deporte usa tabla con ruedas?', 'Fútbol', 'Tenis', 'Golf', 'Skate', 4, 8),
(1579, '¿Qué deporte usa cancha de arena?', 'Voleibol playa', 'Fútbol', 'Tenis', 'Golf', 1, 8),
(1580, '¿Qué deporte usa balón ligero?', 'Fútbol', 'Voleibol', 'Tenis', 'Golf', 2, 8),
(1581, '¿Qué deporte usa kimono?', 'Fútbol', 'Tenis', 'Karate', 'Golf', 3, 8),
(1582, '¿Qué deporte usa pista de nieve?', 'Fútbol', 'Tenis', 'Golf', 'Esquí', 4, 8),
(1583, '¿Qué deporte usa balón ovalado?', 'Rugby', 'Fútbol', 'Tenis', 'Golf', 1, 8),
(1584, '¿Qué deporte usa red y raqueta?', 'Fútbol', 'Tenis', 'Ping pong', 'Golf', 2, 8),
(1585, '¿Qué deporte usa ring?', 'Fútbol', 'Tenis', 'Boxeo', 'Golf', 3, 8),
(1586, '¿Qué deporte usa casco hockey?', 'Fútbol', 'Tenis', 'Golf', 'Hockey', 4, 8),
(1587, '¿Qué deporte usa pista de hielo?', 'Patinaje', 'Fútbol', 'Tenis', 'Golf', 1, 8),
(1588, '¿Qué deporte usa aro y balón naranja?', 'Fútbol', 'Básquet', 'Tenis', 'Golf', 2, 8),
(1589, '¿Qué deporte usa red alta?', 'Fútbol', 'Tenis', 'Voleibol', 'Golf', 3, 8),
(1590, '¿Qué deporte usa tabla de nieve?', 'Fútbol', 'Tenis', 'Golf', 'Snowboard', 4, 8),
(1591, '¿Qué deporte usa cronómetro?', 'Atletismo', 'Fútbol', 'Tenis', 'Golf', 1, 8),
(1592, '¿Qué deporte usa guantes de portero?', 'Fútbol', 'Básquet', 'Tenis', 'Golf', 1, 8),
(1593, '¿Qué deporte usa casco en moto?', 'Motociclismo', 'Fútbol', 'Tenis', 'Golf', 1, 8),
(1594, '¿Qué deporte usa balón medicinal?', 'Entrenamiento', 'Fútbol', 'Tenis', 'Golf', 1, 8),
(1595, '¿Qué deporte usa red playa?', 'Voleibol playa', 'Fútbol', 'Tenis', 'Golf', 1, 8),
(1596, '¿Qué deporte usa cuerda y arnés?', 'Escalada', 'Fútbol', 'Tenis', 'Golf', 1, 8),
(1597, '¿Qué deporte usa pista ovalada?', 'Atletismo', 'Fútbol', 'Tenis', 'Golf', 1, 8),
(1598, '¿Qué deporte usa casco y rodilleras?', 'Skate', 'Fútbol', 'Tenis', 'Golf', 1, 8),
(1599, '¿Qué deporte usa balón esférico?', 'Fútbol', 'Tenis', 'Golf', 'Béisbol', 1, 8),
(1600, '¿Qué deporte usa bate madera?', 'Béisbol', 'Fútbol', 'Tenis', 'Golf', 1, 8),
(1601, '¿Cuál es el planeta más cercano al Sol?', 'Mercurio', 'Venus', 'Tierra', 'Marte', 1, 9),
(1602, '¿Qué planeta es conocido como el planeta rojo?', 'Júpiter', 'Venus', 'Marte', 'Saturno', 3, 9),
(1603, '¿Qué satélite es de la Tierra?', 'Luna', 'Fobos', 'Europa', 'Titán', 1, 9),
(1604, '¿Qué planeta tiene anillos visibles?', 'Marte', 'Venus', 'Urano', 'Saturno', 4, 9),
(1605, '¿Qué galaxia es la nuestra?', 'Andrómeda', 'Vía Láctea', 'Sombrero', 'Triángulo', 2, 9),
(1606, '¿Qué estrella es el Sol?', 'Gigante roja', 'Enana blanca', 'Enana amarilla', 'Supergigante', 3, 9),
(1607, '¿Qué planeta es más grande?', 'Tierra', 'Marte', 'Venus', 'Júpiter', 4, 9),
(1608, '¿Qué planeta tiene más lunas?', 'Saturno', 'Mercurio', 'Venus', 'Tierra', 1, 9),
(1609, '¿Qué es una estrella?', 'Cuerpo luminoso', 'Planeta', 'Satélite', 'Cometa', 1, 9),
(1610, '¿Qué es un cometa?', 'Roca', 'Objeto helado', 'Gas', 'Planeta', 2, 9),
(1611, '¿Qué es un asteroide?', 'Gas', 'Luz', 'Roca espacial', 'Agua', 3, 9),
(1612, '¿Qué es un meteorito?', 'Estrella', 'Planeta', 'Gas', 'Roca caída', 4, 9),
(1613, '¿Qué planeta es más caliente?', 'Mercurio', 'Venus', 'Tierra', 'Marte', 2, 9),
(1614, '¿Qué planeta tiene día más largo?', 'Mercurio', 'Venus', 'Marte', 'Júpiter', 2, 9),
(1615, '¿Qué planeta gira más rápido?', 'Tierra', 'Marte', 'Júpiter', 'Saturno', 3, 9),
(1616, '¿Qué planeta tiene eje inclinado extremo?', 'Tierra', 'Marte', 'Júpiter', 'Urano', 4, 9),
(1617, '¿Qué fenómeno causa estaciones?', 'Rotación', 'Traslación', 'Órbita luna', 'Eje inclinado', 4, 9),
(1618, '¿Qué es eclipse solar?', 'Luna cubre Sol', 'Sol cubre Luna', 'Tierra cubre Luna', 'Sombra planeta', 1, 9),
(1619, '¿Qué es eclipse lunar?', 'Sol cubre Luna', 'Tierra cubre Luna', 'Luna cubre Sol', 'Sombra estrella', 2, 9),
(1620, '¿Qué es órbita?', 'Fuerza', 'Luz', 'Trayectoria', 'Calor', 3, 9),
(1621, '¿Qué es gravedad?', 'Atracción', 'Movimiento', 'Energía', 'Calor', 1, 9),
(1622, '¿Qué es año luz?', 'Tiempo', 'Distancia', 'Velocidad', 'Luz', 2, 9),
(1623, '¿Qué es constelación?', 'Planeta', 'Estrella', 'Grupo estrellas', 'Galaxia', 3, 9),
(1624, '¿Qué es supernova?', 'Planeta', 'Estrella', 'Gas', 'Explosión estrella', 4, 9),
(1625, '¿Qué planeta es gaseoso?', 'Júpiter', 'Marte', 'Tierra', 'Venus', 1, 9),
(1626, '¿Qué planeta tiene agua líquida?', 'Marte', 'Tierra', 'Venus', 'Mercurio', 2, 9),
(1627, '¿Qué planeta tiene gran mancha roja?', 'Tierra', 'Venus', 'Júpiter', 'Marte', 3, 9),
(1628, '¿Qué planeta es más lejano?', 'Urano', 'Saturno', 'Júpiter', 'Neptuno', 4, 9),
(1629, '¿Qué es el Sol?', 'Estrella', 'Planeta', 'Cometa', 'Asteroide', 1, 9),
(1630, '¿Qué es la Luna?', 'Planeta', 'Satélite', 'Estrella', 'Cometa', 2, 9),
(1631, '¿Qué es Marte?', 'Estrella', 'Satélite', 'Planeta', 'Asteroide', 3, 9),
(1632, '¿Qué es Plutón?', 'Planeta', 'Estrella', 'Asteroide', 'Planeta enano', 4, 9),
(1633, '¿Qué instrumento observa estrellas?', 'Telescopio', 'Microscopio', 'Barómetro', 'Termómetro', 1, 9),
(1634, '¿Qué mide distancia estelar?', 'Tiempo', 'Paralaje', 'Velocidad', 'Luz', 2, 9),
(1635, '¿Qué mide brillo?', 'Distancia', 'Masa', 'Magnitud', 'Velocidad', 3, 9),
(1636, '¿Qué mide temperatura estelar?', 'Color', 'Tamaño', 'Distancia', 'Espectro', 4, 9),
(1637, '¿Qué planeta tiene atmósfera densa?', 'Venus', 'Marte', 'Mercurio', 'Tierra', 1, 9),
(1638, '¿Qué planeta tiene hielo?', 'Marte', 'Neptuno', 'Mercurio', 'Venus', 2, 9),
(1639, '¿Qué planeta tiene lunas grandes?', 'Tierra', 'Marte', 'Júpiter', 'Venus', 3, 9),
(1640, '¿Qué planeta es azul?', 'Marte', 'Venus', 'Júpiter', 'Neptuno', 4, 9),
(1641, '¿Qué es galaxia?', 'Grupo estrellas', 'Planeta', 'Luna', 'Gas', 1, 9),
(1642, '¿Qué es sistema solar?', 'Galaxia', 'Sistema planetas', 'Estrella', 'Cometa', 2, 9),
(1643, '¿Qué es vía láctea?', 'Planeta', 'Estrella', 'Galaxia', 'Cometa', 3, 9),
(1644, '¿Qué es agujero negro?', 'Planeta', 'Estrella', 'Gas', 'Región gravedad extrema', 4, 9),
(1645, '¿Qué planeta tiene órbita rápida?', 'Mercurio', 'Venus', 'Tierra', 'Marte', 1, 9),
(1646, '¿Qué planeta tarda más en girar?', 'Mercurio', 'Venus', 'Marte', 'Júpiter', 2, 9),
(1647, '¿Qué planeta es gigante gaseoso?', 'Tierra', 'Marte', 'Saturno', 'Venus', 3, 9),
(1648, '¿Qué planeta tiene vientos fuertes?', 'Tierra', 'Marte', 'Júpiter', 'Neptuno', 4, 9),
(1649, '¿Qué es satélite natural?', 'Luna', 'Planeta', 'Estrella', 'Cometa', 1, 9),
(1650, '¿Qué es satélite artificial?', 'Luna', 'Objeto humano', 'Planeta', 'Estrella', 2, 9),
(1651, '¿Qué es órbita elíptica?', 'Circular', 'Recta', 'Ovalada', 'Irregular', 3, 9),
(1652, '¿Qué es gravedad solar?', 'Movimiento', 'Energía', 'Luz', 'Atracción solar', 4, 9),
(1653, '¿Qué planeta tiene mayor gravedad?', 'Júpiter', 'Marte', 'Venus', 'Tierra', 1, 9),
(1654, '¿Qué planeta es conocido por sus anillos?', 'Marte', 'Saturno', 'Venus', 'Mercurio', 2, 9),
(1655, '¿Qué planeta es rocoso?', 'Júpiter', 'Saturno', 'Tierra', 'Neptuno', 3, 9),
(1656, '¿Qué planeta es el más lejano del Sol?', 'Urano', 'Saturno', 'Júpiter', 'Neptuno', 4, 9),
(1657, '¿Qué cuerpo celeste emite luz propia?', 'Estrella', 'Planeta', 'Luna', 'Asteroide', 1, 9),
(1658, '¿Qué mide la unidad AU?', 'Tiempo', 'Distancia', 'Velocidad', 'Masa', 2, 9),
(1659, '¿Qué planeta tiene volcanes gigantes?', 'Venus', 'Mercurio', 'Marte', 'Urano', 3, 9),
(1660, '¿Qué planeta es gigante gaseoso?', 'Tierra', 'Venus', 'Marte', 'Júpiter', 4, 9),
(1661, '¿Qué fenómeno es la caída de meteoros?', 'Lluvia de estrellas', 'Aurora', 'Eclipse', 'Órbita', 1, 9),
(1662, '¿Qué planeta tiene atmósfera rica en CO2?', 'Mercurio', 'Venus', 'Júpiter', 'Saturno', 2, 9),
(1663, '¿Qué planeta tiene tormentas grandes?', 'Tierra', 'Venus', 'Júpiter', 'Marte', 3, 9),
(1664, '¿Qué planeta tiene temperaturas más bajas?', 'Marte', 'Júpiter', 'Saturno', 'Neptuno', 4, 9),
(1665, '¿Qué es una nebulosa?', 'Nube de gas', 'Planeta', 'Estrella', 'Cometa', 1, 9),
(1666, '¿Qué galaxia está más cerca?', 'Vía Láctea', 'Andrómeda', 'Sombrero', 'Triángulo', 2, 9),
(1667, '¿Qué tipo de estrella es el Sol?', 'Gigante', 'Enana blanca', 'Enana amarilla', 'Supernova', 3, 9),
(1668, '¿Qué es un agujero negro?', 'Estrella', 'Planeta', 'Gas', 'Región de alta gravedad', 4, 9),
(1669, '¿Qué planeta tiene lunas como Europa?', 'Júpiter', 'Marte', 'Venus', 'Mercurio', 1, 9),
(1670, '¿Qué planeta tiene eje más inclinado?', 'Tierra', 'Urano', 'Marte', 'Júpiter', 2, 9),
(1671, '¿Qué planeta tiene día más corto?', 'Tierra', 'Marte', 'Júpiter', 'Venus', 3, 9),
(1672, '¿Qué planeta tiene más frío extremo?', 'Marte', 'Saturno', 'Urano', 'Neptuno', 4, 9),
(1673, '¿Qué instrumento detecta estrellas?', 'Telescopio', 'Microscopio', 'Barómetro', 'Termómetro', 1, 9),
(1674, '¿Qué mide la luz estelar?', 'Tiempo', 'Magnitud', 'Velocidad', 'Distancia', 2, 9),
(1675, '¿Qué mide espectro?', 'Color', 'Distancia', 'Composición', 'Tiempo', 3, 9),
(1676, '¿Qué mide gravedad?', 'Tiempo', 'Velocidad', 'Distancia', 'Fuerza', 4, 9),
(1677, '¿Qué planeta tiene superficie sólida?', 'Mercurio', 'Júpiter', 'Saturno', 'Neptuno', 1, 9),
(1678, '¿Qué planeta tiene hielo en polos?', 'Marte', 'Venus', 'Mercurio', 'Júpiter', 2, 9),
(1679, '¿Qué planeta tiene tormentas de polvo?', 'Tierra', 'Venus', 'Marte', 'Saturno', 3, 9),
(1680, '¿Qué planeta tiene vientos más rápidos?', 'Júpiter', 'Saturno', 'Urano', 'Neptuno', 4, 9),
(1681, '¿Qué es una órbita?', 'Trayectoria', 'Fuerza', 'Luz', 'Gas', 1, 9),
(1682, '¿Qué es una galaxia?', 'Sistema solar', 'Conjunto estrellas', 'Planeta', 'Luna', 2, 9),
(1683, '¿Qué es una constelación?', 'Planeta', 'Estrella', 'Grupo visible', 'Galaxia', 3, 9),
(1684, '¿Qué es un cúmulo estelar?', 'Planeta', 'Estrella', 'Gas', 'Grupo estrellas', 4, 9),
(1685, '¿Qué planeta es más pequeño?', 'Mercurio', 'Venus', 'Tierra', 'Marte', 1, 9),
(1686, '¿Qué planeta tiene atmósfera densa?', 'Marte', 'Venus', 'Mercurio', 'Júpiter', 2, 9),
(1687, '¿Qué planeta tiene anillos débiles?', 'Tierra', 'Marte', 'Urano', 'Venus', 3, 9),
(1688, '¿Qué planeta tiene color azul?', 'Marte', 'Venus', 'Saturno', 'Neptuno', 4, 9),
(1689, '¿Qué fenómeno es aurora?', 'Luz polar', 'Sombra', 'Órbita', 'Explosión', 1, 9),
(1690, '¿Qué fenómeno es traslación?', 'Rotación', 'Movimiento alrededor', 'Caída', 'Explosión', 2, 9),
(1691, '¿Qué fenómeno es rotación?', 'Traslación', 'Órbita', 'Giro eje', 'Movimiento externo', 3, 9),
(1692, '¿Qué fenómeno es eclipse?', 'Luz', 'Calor', 'Órbita', 'Sombra', 4, 9),
(1693, '¿Qué planeta tiene día largo?', 'Venus', 'Mercurio', 'Tierra', 'Marte', 1, 9),
(1694, '¿Qué planeta tiene lunas grandes?', 'Marte', 'Júpiter', 'Venus', 'Mercurio', 2, 9),
(1695, '¿Qué planeta tiene tormentas visibles?', 'Tierra', 'Venus', 'Júpiter', 'Mercurio', 3, 9),
(1696, '¿Qué planeta tiene más lejanía?', 'Urano', 'Saturno', 'Júpiter', 'Neptuno', 4, 9),
(1697, '¿Qué es sistema solar?', 'Conjunto planetas', 'Galaxia', 'Estrella', 'Cometa', 1, 9),
(1698, '¿Qué es estrella?', 'Planeta', 'Cuerpo luminoso', 'Luna', 'Asteroide', 2, 9),
(1699, '¿Qué es planeta?', 'Estrella', 'Gas', 'Cuerpo orbital', 'Cometa', 3, 9),
(1700, '¿Qué es satélite?', 'Planeta', 'Estrella', 'Gas', 'Objeto que orbita', 4, 9),
(1701, '¿Qué planeta tiene órbita más rápida?', 'Mercurio', 'Venus', 'Tierra', 'Marte', 1, 9),
(1702, '¿Qué planeta es llamado gemelo de la Tierra?', 'Marte', 'Venus', 'Mercurio', 'Júpiter', 2, 9),
(1703, '¿Qué planeta tiene monte Olimpo?', 'Tierra', 'Venus', 'Marte', 'Saturno', 3, 9),
(1704, '¿Qué planeta tiene anillos más grandes?', 'Júpiter', 'Urano', 'Neptuno', 'Saturno', 4, 9),
(1705, '¿Qué es una enana blanca?', 'Estrella', 'Planeta', 'Luna', 'Asteroide', 1, 9),
(1706, '¿Qué es una gigante roja?', 'Planeta', 'Estrella', 'Cometa', 'Gas', 2, 9),
(1707, '¿Qué es una estrella binaria?', 'Planeta', 'Luna', 'Dos estrellas', 'Gas', 3, 9),
(1708, '¿Qué es una supernova?', 'Planeta', 'Gas', 'Luz', 'Explosión estelar', 4, 9),
(1709, '¿Qué planeta tiene lunas como Ganímedes?', 'Júpiter', 'Marte', 'Venus', 'Mercurio', 1, 9),
(1710, '¿Qué planeta tiene órbita inclinada?', 'Tierra', 'Urano', 'Marte', 'Júpiter', 2, 9),
(1711, '¿Qué planeta tiene manchas visibles?', 'Tierra', 'Venus', 'Júpiter', 'Marte', 3, 9),
(1712, '¿Qué planeta es más frío?', 'Marte', 'Saturno', 'Urano', 'Neptuno', 4, 9),
(1713, '¿Qué instrumento observa galaxias?', 'Telescopio', 'Microscopio', 'Barómetro', 'Termómetro', 1, 9),
(1714, '¿Qué mide distancia en parsec?', 'Tiempo', 'Distancia', 'Velocidad', 'Temperatura', 2, 9),
(1715, '¿Qué mide color estelar?', 'Distancia', 'Velocidad', 'Temperatura', 'Tiempo', 3, 9),
(1716, '¿Qué mide espectroscopía?', 'Tiempo', 'Velocidad', 'Distancia', 'Composición', 4, 9),
(1717, '¿Qué planeta es más denso?', 'Tierra', 'Venus', 'Marte', 'Júpiter', 1, 9),
(1718, '¿Qué planeta tiene mayor presión atmosférica?', 'Marte', 'Venus', 'Mercurio', 'Júpiter', 2, 9),
(1719, '¿Qué planeta tiene volcanes activos?', 'Tierra', 'Venus', 'Io', 'Marte', 3, 9),
(1720, '¿Qué planeta tiene vientos extremos?', 'Júpiter', 'Saturno', 'Urano', 'Neptuno', 4, 9),
(1721, '¿Qué es una órbita circular?', 'Trayectoria', 'Fuerza', 'Luz', 'Gas', 1, 9),
(1722, '¿Qué es una galaxia espiral?', 'Planeta', 'Forma galaxia', 'Estrella', 'Gas', 2, 9),
(1723, '¿Qué es una nebulosa planetaria?', 'Planeta', 'Gas', 'Nube estelar', 'Asteroide', 3, 9),
(1724, '¿Qué es un cúmulo globular?', 'Planeta', 'Estrella', 'Gas', 'Grupo estelar', 4, 9),
(1725, '¿Qué planeta es más pequeño del sistema?', 'Mercurio', 'Venus', 'Tierra', 'Marte', 1, 9),
(1726, '¿Qué planeta tiene atmósfera rica en nitrógeno?', 'Marte', 'Tierra', 'Venus', 'Mercurio', 2, 9),
(1727, '¿Qué planeta tiene hielo en superficie?', 'Tierra', 'Venus', 'Marte', 'Mercurio', 3, 9),
(1728, '¿Qué planeta tiene color azul intenso?', 'Marte', 'Venus', 'Saturno', 'Neptuno', 4, 9),
(1729, '¿Qué fenómeno es lluvia de meteoros?', 'Meteoros', 'Eclipse', 'Órbita', 'Explosión', 1, 9),
(1730, '¿Qué fenómeno es rotación terrestre?', 'Traslación', 'Giro eje', 'Movimiento externo', 'Caída', 2, 9),
(1731, '¿Qué fenómeno es traslación terrestre?', 'Giro eje', 'Rotación', 'Órbita solar', 'Caída', 3, 9),
(1732, '¿Qué fenómeno es eclipse total?', 'Luz', 'Calor', 'Movimiento', 'Oscurecimiento', 4, 9),
(1733, '¿Qué planeta tiene año corto?', 'Mercurio', 'Venus', 'Tierra', 'Marte', 1, 9),
(1734, '¿Qué planeta tiene lunas numerosas?', 'Marte', 'Júpiter', 'Venus', 'Mercurio', 2, 9),
(1735, '¿Qué planeta tiene tormentas de polvo?', 'Tierra', 'Venus', 'Marte', 'Mercurio', 3, 9),
(1736, '¿Qué planeta está más lejos?', 'Urano', 'Saturno', 'Júpiter', 'Neptuno', 4, 9),
(1737, '¿Qué es sistema planetario?', 'Planetas', 'Galaxia', 'Estrella', 'Cometa', 1, 9),
(1738, '¿Qué es estrella fugaz?', 'Planeta', 'Meteoro', 'Luna', 'Asteroide', 2, 9),
(1739, '¿Qué es planeta gaseoso?', 'Roca', 'Luna', 'Gas gigante', 'Asteroide', 3, 9),
(1740, '¿Qué es satélite natural?', 'Planeta', 'Estrella', 'Gas', 'Objeto orbital', 4, 9),
(1741, '¿Qué planeta tiene menor gravedad?', 'Mercurio', 'Venus', 'Tierra', 'Marte', 1, 9),
(1742, '¿Qué planeta es llamado lucero del alba?', 'Marte', 'Venus', 'Júpiter', 'Saturno', 2, 9),
(1743, '¿Qué planeta tiene cañones gigantes?', 'Tierra', 'Venus', 'Marte', 'Júpiter', 3, 9),
(1744, '¿Qué planeta tiene anillos delgados?', 'Júpiter', 'Saturno', 'Neptuno', 'Urano', 4, 9),
(1745, '¿Qué es una enana roja?', 'Estrella', 'Planeta', 'Luna', 'Asteroide', 1, 9),
(1746, '¿Qué es una gigante azul?', 'Planeta', 'Estrella', 'Cometa', 'Gas', 2, 9),
(1747, '¿Qué es un sistema binario?', 'Planeta', 'Luna', 'Dos estrellas', 'Gas', 3, 9),
(1748, '¿Qué es una explosión estelar?', 'Planeta', 'Gas', 'Luz', 'Supernova', 4, 9),
(1749, '¿Qué planeta tiene satélites como Ío?', 'Júpiter', 'Marte', 'Venus', 'Mercurio', 1, 9),
(1750, '¿Qué planeta tiene eje inclinado extremo?', 'Tierra', 'Urano', 'Marte', 'Júpiter', 2, 9),
(1751, '¿Qué planeta tiene gran mancha roja?', 'Tierra', 'Venus', 'Júpiter', 'Marte', 3, 9),
(1752, '¿Qué planeta tiene temperatura más baja?', 'Marte', 'Saturno', 'Urano', 'Neptuno', 4, 9),
(1753, '¿Qué instrumento capta luz lejana?', 'Telescopio', 'Microscopio', 'Barómetro', 'Termómetro', 1, 9),
(1754, '¿Qué mide la paralaje?', 'Tiempo', 'Distancia', 'Velocidad', 'Temperatura', 2, 9),
(1755, '¿Qué mide color estelar?', 'Distancia', 'Velocidad', 'Temperatura', 'Tiempo', 3, 9),
(1756, '¿Qué mide análisis espectral?', 'Tiempo', 'Velocidad', 'Distancia', 'Composición', 4, 9),
(1757, '¿Qué planeta es más denso?', 'Tierra', 'Venus', 'Marte', 'Júpiter', 1, 9),
(1758, '¿Qué planeta tiene atmósfera espesa?', 'Marte', 'Venus', 'Mercurio', 'Júpiter', 2, 9),
(1759, '¿Qué planeta tiene actividad volcánica?', 'Tierra', 'Venus', 'Io', 'Marte', 3, 9),
(1760, '¿Qué planeta tiene vientos fuertes?', 'Júpiter', 'Saturno', 'Urano', 'Neptuno', 4, 9),
(1761, '¿Qué es órbita elíptica?', 'Trayectoria', 'Fuerza', 'Óvalo', 'Gas', 3, 9),
(1762, '¿Qué es galaxia irregular?', 'Planeta', 'Forma', 'Estrella', 'Gas', 2, 9),
(1763, '¿Qué es nebulosa oscura?', 'Planeta', 'Gas oscuro', 'Luz', 'Asteroide', 2, 9),
(1764, '¿Qué es cúmulo abierto?', 'Planeta', 'Estrella', 'Gas', 'Grupo joven', 4, 9),
(1765, '¿Qué planeta es más pequeño?', 'Mercurio', 'Venus', 'Tierra', 'Marte', 1, 9),
(1766, '¿Qué planeta tiene nitrógeno?', 'Marte', 'Tierra', 'Venus', 'Mercurio', 2, 9),
(1767, '¿Qué planeta tiene casquetes polares?', 'Tierra', 'Venus', 'Marte', 'Mercurio', 3, 9),
(1768, '¿Qué planeta es azul oscuro?', 'Marte', 'Venus', 'Saturno', 'Neptuno', 4, 9),
(1769, '¿Qué fenómeno es meteorito?', 'Roca caída', 'Eclipse', 'Órbita', 'Explosión', 1, 9),
(1770, '¿Qué fenómeno es rotación?', 'Traslación', 'Giro', 'Órbita', 'Caída', 2, 9),
(1771, '¿Qué fenómeno es traslación?', 'Giro', 'Rotación', 'Movimiento solar', 'Caída', 3, 9),
(1772, '¿Qué fenómeno es eclipse parcial?', 'Luz', 'Calor', 'Movimiento', 'Sombra parcial', 4, 9),
(1773, '¿Qué planeta tiene año corto?', 'Mercurio', 'Venus', 'Tierra', 'Marte', 1, 9),
(1774, '¿Qué planeta tiene más lunas?', 'Marte', 'Júpiter', 'Venus', 'Mercurio', 2, 9),
(1775, '¿Qué planeta tiene tormentas?', 'Tierra', 'Venus', 'Marte', 'Mercurio', 3, 9),
(1776, '¿Qué planeta está más lejos del Sol?', 'Urano', 'Saturno', 'Júpiter', 'Neptuno', 4, 9),
(1777, '¿Qué es sistema solar?', 'Planetas', 'Galaxia', 'Estrella', 'Cometa', 1, 9),
(1778, '¿Qué es meteoro?', 'Planeta', 'Luz fugaz', 'Luna', 'Asteroide', 2, 9),
(1779, '¿Qué es gigante gaseoso?', 'Roca', 'Luna', 'Planeta gas', 'Asteroide', 3, 9),
(1780, '¿Qué es satélite artificial?', 'Planeta', 'Estrella', 'Gas', 'Objeto humano', 4, 9),
(1781, '¿Qué planeta tiene órbita rápida?', 'Mercurio', 'Venus', 'Tierra', 'Marte', 1, 9),
(1782, '¿Qué planeta tiene día largo?', 'Mercurio', 'Venus', 'Marte', 'Júpiter', 2, 9),
(1783, '¿Qué planeta tiene anillos visibles?', 'Tierra', 'Marte', 'Saturno', 'Venus', 3, 9),
(1784, '¿Qué planeta tiene más viento?', 'Júpiter', 'Saturno', 'Urano', 'Neptuno', 4, 9),
(1785, '¿Qué es estrella variable?', 'Estrella', 'Planeta', 'Luna', 'Asteroide', 1, 9),
(1786, '¿Qué es estrella gigante?', 'Planeta', 'Estrella', 'Gas', 'Cometa', 2, 9),
(1787, '¿Qué es estrella enana?', 'Planeta', 'Gas', 'Estrella pequeña', 'Cometa', 3, 9),
(1788, '¿Qué es estrella masiva?', 'Planeta', 'Gas', 'Luz', 'Estrella grande', 4, 9);
INSERT INTO `pregunta` (`id_pregunta`, `pregunta`, `opcion_1`, `opcion_2`, `opcion_3`, `opcion_4`, `correcto`, `id_categoria`) VALUES
(1789, '¿Qué planeta tiene superficie rocosa?', 'Mercurio', 'Júpiter', 'Saturno', 'Neptuno', 1, 9),
(1790, '¿Qué planeta tiene atmósfera caliente?', 'Marte', 'Venus', 'Mercurio', 'Júpiter', 2, 9),
(1791, '¿Qué planeta tiene polvo rojo?', 'Tierra', 'Venus', 'Marte', 'Mercurio', 3, 9),
(1792, '¿Qué planeta tiene color azul?', 'Marte', 'Venus', 'Saturno', 'Neptuno', 4, 9),
(1793, '¿Qué planeta tiene la órbita más pequeña?', 'Mercurio', 'Venus', 'Tierra', 'Marte', 1, 9),
(1794, '¿Qué planeta refleja más luz solar?', 'Marte', 'Venus', 'Júpiter', 'Saturno', 2, 9),
(1795, '¿Qué planeta tiene la Gran Mancha Roja?', 'Tierra', 'Venus', 'Júpiter', 'Marte', 3, 9),
(1796, '¿Qué planeta posee anillos visibles desde telescopio?', 'Marte', 'Venus', 'Júpiter', 'Saturno', 4, 9),
(1797, '¿Qué fenómeno produce día y noche?', 'Rotación', 'Traslación', 'Órbita lunar', 'Gravedad', 1, 9),
(1798, '¿Qué mide el año terrestre?', 'Rotación', 'Traslación', 'Velocidad', 'Distancia', 2, 9),
(1799, '¿Qué objeto orbita la Tierra?', 'Sol', 'Marte', 'Luna', 'Venus', 3, 9),
(1800, '¿Qué instrumento capta luz de galaxias?', 'Microscopio', 'Barómetro', 'Termómetro', 'Telescopio', 4, 9),
(1801, '¿Quién es el dios del cielo y rey de los dioses?', 'Zeus', 'Hades', 'Poseidón', 'Ares', 1, 10),
(1802, '¿Quién es el dios del mar?', 'Zeus', 'Poseidón', 'Hades', 'Apolo', 2, 10),
(1803, '¿Quién es el dios del inframundo?', 'Zeus', 'Apolo', 'Hades', 'Hermes', 3, 10),
(1804, '¿Quién es el dios de la guerra?', 'Hermes', 'Apolo', 'Dionisio', 'Ares', 4, 10),
(1805, '¿Quién es la diosa de la sabiduría?', 'Atenea', 'Hera', 'Artemisa', 'Afrodita', 1, 10),
(1806, '¿Quién es la diosa del matrimonio?', 'Atenea', 'Hera', 'Artemisa', 'Hestia', 2, 10),
(1807, '¿Quién es la diosa de la caza?', 'Hera', 'Atenea', 'Artemisa', 'Afrodita', 3, 10),
(1808, '¿Quién es la diosa del amor?', 'Hera', 'Atenea', 'Artemisa', 'Afrodita', 4, 10),
(1809, '¿Quién es el mensajero de los dioses?', 'Hermes', 'Apolo', 'Ares', 'Hades', 1, 10),
(1810, '¿Quién es el dios del sol?', 'Hermes', 'Apolo', 'Ares', 'Hades', 2, 10),
(1811, '¿Quién es el dios del vino?', 'Hermes', 'Apolo', 'Dionisio', 'Hades', 3, 10),
(1812, '¿Quién es el dios del fuego y la forja?', 'Hermes', 'Apolo', 'Ares', 'Hefesto', 4, 10),
(1813, '¿Quién es la madre de los dioses olímpicos?', 'Rea', 'Hera', 'Atenea', 'Afrodita', 1, 10),
(1814, '¿Quién es el padre de Zeus?', 'Zeus', 'Cronos', 'Urano', 'Ares', 2, 10),
(1815, '¿Quién es el titán del cielo?', 'Zeus', 'Cronos', 'Urano', 'Hades', 3, 10),
(1816, '¿Quién es el dios del inframundo romano equivalente?', 'Zeus', 'Apolo', 'Ares', 'Plutón', 4, 10),
(1817, '¿Quién mató a Medusa?', 'Perseo', 'Teseo', 'Hércules', 'Aquiles', 1, 10),
(1818, '¿Quién venció al Minotauro?', 'Perseo', 'Teseo', 'Hércules', 'Aquiles', 2, 10),
(1819, '¿Quién realizó los 12 trabajos?', 'Perseo', 'Teseo', 'Hércules', 'Aquiles', 3, 10),
(1820, '¿Quién fue héroe de Troya?', 'Perseo', 'Teseo', 'Hércules', 'Aquiles', 4, 10),
(1821, '¿Qué criatura tiene cabeza de león y cuerpo de cabra?', 'Quimera', 'Minotauro', 'Hidra', 'Esfinge', 1, 10),
(1822, '¿Qué criatura vive en laberinto?', 'Quimera', 'Minotauro', 'Hidra', 'Esfinge', 2, 10),
(1823, '¿Qué criatura tiene múltiples cabezas?', 'Quimera', 'Minotauro', 'Hidra', 'Esfinge', 3, 10),
(1824, '¿Qué criatura hace acertijos?', 'Quimera', 'Minotauro', 'Hidra', 'Esfinge', 4, 10),
(1825, '¿Qué monte habitan los dioses?', 'Olimpo', 'Parnaso', 'Etna', 'Ida', 1, 10),
(1826, '¿Qué río separa el inframundo?', 'Aqueronte', 'Estigia', 'Lete', 'Flegetonte', 2, 10),
(1827, '¿Qué río causa olvido?', 'Aqueronte', 'Estigia', 'Lete', 'Flegetonte', 3, 10),
(1828, '¿Qué río es de fuego?', 'Aqueronte', 'Estigia', 'Lete', 'Flegetonte', 4, 10),
(1829, '¿Quién es el dios del inframundo?', 'Hades', 'Zeus', 'Apolo', 'Hermes', 1, 10),
(1830, '¿Quién es el dios del mar?', 'Zeus', 'Poseidón', 'Ares', 'Hermes', 2, 10),
(1831, '¿Quién es el dios de la música?', 'Zeus', 'Ares', 'Apolo', 'Hermes', 3, 10),
(1832, '¿Quién es el dios del comercio?', 'Zeus', 'Ares', 'Apolo', 'Hermes', 4, 10),
(1833, '¿Quién es la esposa de Zeus?', 'Hera', 'Atenea', 'Afrodita', 'Artemisa', 1, 10),
(1834, '¿Quién nació de la cabeza de Zeus?', 'Hera', 'Atenea', 'Afrodita', 'Artemisa', 2, 10),
(1835, '¿Quién es diosa del amor?', 'Hera', 'Atenea', 'Afrodita', 'Artemisa', 3, 10),
(1836, '¿Quién es diosa de la caza?', 'Hera', 'Atenea', 'Afrodita', 'Artemisa', 4, 10),
(1837, '¿Quién fue rey de Ítaca?', 'Odiseo', 'Aquiles', 'Perseo', 'Teseo', 1, 10),
(1838, '¿Quién fue héroe veloz?', 'Odiseo', 'Aquiles', 'Perseo', 'Teseo', 2, 10),
(1839, '¿Quién venció a Medusa?', 'Odiseo', 'Aquiles', 'Perseo', 'Teseo', 3, 10),
(1840, '¿Quién mató al Minotauro?', 'Odiseo', 'Aquiles', 'Perseo', 'Teseo', 4, 10),
(1841, '¿Qué epopeya narra la guerra de Troya?', 'Ilíada', 'Odisea', 'Teogonía', 'Argonáutica', 1, 10),
(1842, '¿Qué epopeya narra viaje de Odiseo?', 'Ilíada', 'Odisea', 'Teogonía', 'Argonáutica', 2, 10),
(1843, '¿Qué obra habla de dioses?', 'Ilíada', 'Odisea', 'Teogonía', 'Argonáutica', 3, 10),
(1844, '¿Qué obra habla de Jasón?', 'Ilíada', 'Odisea', 'Teogonía', 'Argonáutica', 4, 10),
(1845, '¿Quién es dios del sol?', 'Apolo', 'Zeus', 'Ares', 'Hades', 1, 10),
(1846, '¿Quién es dios del vino?', 'Apolo', 'Dionisio', 'Ares', 'Hades', 2, 10),
(1847, '¿Quién es dios de la guerra?', 'Apolo', 'Dionisio', 'Ares', 'Hades', 3, 10),
(1848, '¿Quién es dios del inframundo?', 'Apolo', 'Dionisio', 'Ares', 'Hades', 4, 10),
(1849, '¿Quién fue castigado a sostener el cielo?', 'Atlas', 'Cronos', 'Zeus', 'Hércules', 1, 10),
(1850, '¿Quién transformaba todo en oro?', 'Hércules', 'Midas', 'Perseo', 'Teseo', 2, 10),
(1851, '¿Quién escapó del laberinto con alas?', 'Perseo', 'Teseo', 'Dédalo', 'Aquiles', 3, 10),
(1852, '¿Quién voló demasiado cerca del sol?', 'Dédalo', 'Teseo', 'Perseo', 'Ícaro', 4, 10),
(1853, '¿Quién era guardián del inframundo?', 'Cerbero', 'Hidra', 'Quimera', 'Minotauro', 1, 10),
(1854, '¿Quién abrió la caja que liberó males?', 'Hera', 'Pandora', 'Atenea', 'Afrodita', 2, 10),
(1855, '¿Quién era madre de Aquiles?', 'Hera', 'Atenea', 'Tetis', 'Artemisa', 3, 10),
(1856, '¿Quién convirtió a Aracne en araña?', 'Hera', 'Artemisa', 'Afrodita', 'Atenea', 4, 10),
(1857, '¿Quién fue rey que consultaba oráculos?', 'Edipo', 'Perseo', 'Aquiles', 'Teseo', 1, 10),
(1858, '¿Quién mató a su padre sin saberlo?', 'Teseo', 'Edipo', 'Perseo', 'Aquiles', 2, 10),
(1859, '¿Quién resolvió el enigma de la Esfinge?', 'Perseo', 'Teseo', 'Edipo', 'Hércules', 3, 10),
(1860, '¿Quién fue castigado eternamente en una roca?', 'Hércules', 'Teseo', 'Perseo', 'Prometeo', 4, 10),
(1861, '¿Quién robó el fuego para los humanos?', 'Prometeo', 'Zeus', 'Hermes', 'Apolo', 1, 10),
(1862, '¿Quién liberó a Prometeo?', 'Zeus', 'Hércules', 'Ares', 'Hermes', 2, 10),
(1863, '¿Quién guiaba almas al inframundo?', 'Apolo', 'Ares', 'Hermes', 'Zeus', 3, 10),
(1864, '¿Quién era barquero del inframundo?', 'Hades', 'Hermes', 'Ares', 'Caronte', 4, 10),
(1865, '¿Quién era esposa de Hades?', 'Perséfone', 'Hera', 'Atenea', 'Afrodita', 1, 10),
(1866, '¿Quién raptó a Perséfone?', 'Zeus', 'Hades', 'Apolo', 'Hermes', 2, 10),
(1867, '¿Quién es madre de Perséfone?', 'Hera', 'Atenea', 'Deméter', 'Artemisa', 3, 10),
(1868, '¿Quién causó el invierno por tristeza?', 'Hera', 'Atenea', 'Afrodita', 'Deméter', 4, 10),
(1869, '¿Quién era dios del sueño?', 'Hipnos', 'Ares', 'Apolo', 'Hermes', 1, 10),
(1870, '¿Quién era dios de la muerte pacífica?', 'Ares', 'Tánatos', 'Zeus', 'Apolo', 2, 10),
(1871, '¿Quién era dios del caos primigenio?', 'Zeus', 'Cronos', 'Caos', 'Urano', 3, 10),
(1872, '¿Quién era dios del tiempo titán?', 'Zeus', 'Ares', 'Apolo', 'Cronos', 4, 10),
(1873, '¿Quién construyó el laberinto?', 'Dédalo', 'Teseo', 'Perseo', 'Hércules', 1, 10),
(1874, '¿Quién ayudó a Teseo con hilo?', 'Hera', 'Ariadna', 'Atenea', 'Afrodita', 2, 10),
(1875, '¿Quién fue abandonada por Teseo?', 'Hera', 'Atenea', 'Ariadna', 'Artemisa', 3, 10),
(1876, '¿Quién se casó con Ariadna?', 'Apolo', 'Hermes', 'Ares', 'Dionisio', 4, 10),
(1877, '¿Quién era gigante de un solo ojo?', 'Cíclope', 'Titán', 'Gigante', 'Minotauro', 1, 10),
(1878, '¿Quién cegó al cíclope Polifemo?', 'Aquiles', 'Odiseo', 'Perseo', 'Teseo', 2, 10),
(1879, '¿Quién tardó 10 años en regresar a casa?', 'Aquiles', 'Perseo', 'Odiseo', 'Hércules', 3, 10),
(1880, '¿Quién era esposa de Odiseo?', 'Helena', 'Hera', 'Atenea', 'Penélope', 4, 10),
(1881, '¿Quién tejía y destejía esperando?', 'Penélope', 'Helena', 'Hera', 'Afrodita', 1, 10),
(1882, '¿Quién causó la guerra de Troya?', 'Hera', 'Helena', 'Atenea', 'Artemisa', 2, 10),
(1883, '¿Quién era príncipe troyano?', 'Aquiles', 'Odiseo', 'Paris', 'Teseo', 3, 10),
(1884, '¿Quién mató a Héctor?', 'Odiseo', 'Paris', 'Teseo', 'Aquiles', 4, 10),
(1885, '¿Quién era rey de los dioses antes de Zeus?', 'Cronos', 'Urano', 'Zeus', 'Ares', 1, 10),
(1886, '¿Quién fue derrocado por Zeus?', 'Urano', 'Cronos', 'Ares', 'Apolo', 2, 10),
(1887, '¿Quién era dios del cielo antiguo?', 'Zeus', 'Cronos', 'Urano', 'Hades', 3, 10),
(1888, '¿Quién era dios del fuego?', 'Zeus', 'Ares', 'Apolo', 'Hefesto', 4, 10),
(1889, '¿Quién fabricaba armas divinas?', 'Hefesto', 'Zeus', 'Ares', 'Apolo', 1, 10),
(1890, '¿Quién era dios de la música?', 'Ares', 'Apolo', 'Hermes', 'Hades', 2, 10),
(1891, '¿Quién era dios de la medicina?', 'Ares', 'Hermes', 'Asclepio', 'Zeus', 3, 10),
(1892, '¿Quién era dios del vino?', 'Zeus', 'Ares', 'Apolo', 'Dionisio', 4, 10),
(1893, '¿Quién fue condenado a empujar una roca eternamente?', 'Sísifo', 'Atlas', 'Prometeo', 'Tántalo', 1, 10),
(1894, '¿Quién era castigado con hambre y sed eternas?', 'Sísifo', 'Tántalo', 'Atlas', 'Prometeo', 2, 10),
(1895, '¿Quién sostenía el cielo sobre sus hombros?', 'Sísifo', 'Tántalo', 'Atlas', 'Prometeo', 3, 10),
(1896, '¿Quién robó fuego a los dioses?', 'Atlas', 'Sísifo', 'Tántalo', 'Prometeo', 4, 10),
(1897, '¿Quién era esposa fiel de Odiseo?', 'Penélope', 'Helena', 'Clitemnestra', 'Andrómaca', 1, 10),
(1898, '¿Quién fue esposa de Menelao?', 'Penélope', 'Helena', 'Clitemnestra', 'Andrómaca', 2, 10),
(1899, '¿Quién era esposa de Agamenón?', 'Penélope', 'Helena', 'Clitemnestra', 'Andrómaca', 3, 10),
(1900, '¿Quién era esposa de Héctor?', 'Penélope', 'Helena', 'Clitemnestra', 'Andrómaca', 4, 10),
(1901, '¿Qué objeto permitió salir del laberinto?', 'Hilo', 'Espada', 'Escudo', 'Lanza', 1, 10),
(1902, '¿Qué arma usó Perseo contra Medusa?', 'Lanza', 'Espada', 'Escudo', 'Arco', 2, 10),
(1903, '¿Qué objeto usó Atenea como protección?', 'Casco', 'Lanza', 'Escudo', 'Tridente', 3, 10),
(1904, '¿Qué arma usa Poseidón?', 'Lanza', 'Espada', 'Escudo', 'Tridente', 4, 10),
(1905, '¿Qué animal representaba a Zeus?', 'Águila', 'León', 'Serpiente', 'Caballo', 1, 10),
(1906, '¿Qué animal representaba a Atenea?', 'Águila', 'Búho', 'Serpiente', 'Caballo', 2, 10),
(1907, '¿Qué animal representaba a Asclepio?', 'Águila', 'Búho', 'Serpiente', 'Caballo', 3, 10),
(1908, '¿Qué animal representaba a Poseidón?', 'Águila', 'Búho', 'Serpiente', 'Caballo', 4, 10),
(1909, '¿Qué isla habitaban las sirenas?', 'Isla rocosa', 'Creta', 'Ítaca', 'Delos', 1, 10),
(1910, '¿Dónde estaba el laberinto del Minotauro?', 'Atenas', 'Creta', 'Esparta', 'Tebas', 2, 10),
(1911, '¿Dónde vivía el oráculo de Delfos?', 'Atenas', 'Esparta', 'Delfos', 'Tebas', 3, 10),
(1912, '¿Dónde nació Apolo?', 'Atenas', 'Esparta', 'Tebas', 'Delos', 4, 10),
(1913, '¿Qué héroe mató al león de Nemea?', 'Hércules', 'Teseo', 'Perseo', 'Aquiles', 1, 10),
(1914, '¿Quién capturó al jabalí de Erimanto?', 'Teseo', 'Hércules', 'Perseo', 'Aquiles', 2, 10),
(1915, '¿Quién obtuvo el vellocino de oro?', 'Hércules', 'Perseo', 'Jasón', 'Aquiles', 3, 10),
(1916, '¿Quién fue invulnerable excepto el talón?', 'Hércules', 'Perseo', 'Jasón', 'Aquiles', 4, 10),
(1917, '¿Qué dios castigaba con rayos?', 'Zeus', 'Ares', 'Hermes', 'Apolo', 1, 10),
(1918, '¿Qué dios guiaba viajeros?', 'Zeus', 'Hermes', 'Ares', 'Apolo', 2, 10),
(1919, '¿Qué dios era de la medicina?', 'Zeus', 'Hermes', 'Asclepio', 'Apolo', 3, 10),
(1920, '¿Qué dios era del vino?', 'Zeus', 'Hermes', 'Apolo', 'Dionisio', 4, 10),
(1921, '¿Qué titán devoraba a sus hijos?', 'Cronos', 'Atlas', 'Prometeo', 'Urano', 1, 10),
(1922, '¿Quién liberó a Zeus de Cronos?', 'Cronos', 'Zeus', 'Atlas', 'Prometeo', 2, 10),
(1923, '¿Quién engañó a Cronos?', 'Hera', 'Atenea', 'Rea', 'Afrodita', 3, 10),
(1924, '¿Quién fue esposa de Cronos?', 'Hera', 'Atenea', 'Afrodita', 'Rea', 4, 10),
(1925, '¿Qué castigo sufría Sísifo?', 'Roca', 'Fuego', 'Oscuridad', 'Frío', 1, 10),
(1926, '¿Qué castigo sufría Tántalo?', 'Roca', 'Hambre', 'Oscuridad', 'Frío', 2, 10),
(1927, '¿Qué castigo sufría Prometeo?', 'Roca', 'Hambre', 'Águila', 'Frío', 3, 10),
(1928, '¿Qué castigo sufría Atlas?', 'Roca', 'Hambre', 'Águila', 'Cielo', 4, 10),
(1929, '¿Qué héroe enfrentó a las amazonas?', 'Hércules', 'Teseo', 'Perseo', 'Aquiles', 1, 10),
(1930, '¿Quién fundó Atenas según mito?', 'Hércules', 'Cécrope', 'Perseo', 'Aquiles', 2, 10),
(1931, '¿Quién fue rey de Tebas?', 'Hércules', 'Teseo', 'Edipo', 'Aquiles', 3, 10),
(1932, '¿Quién luchó contra Héctor?', 'Hércules', 'Teseo', 'Perseo', 'Aquiles', 4, 10),
(1933, '¿Quién era hijo de Zeus y Europa?', 'Minos', 'Perseo', 'Aquiles', 'Teseo', 1, 10),
(1934, '¿Quién construyó alas de cera?', 'Hércules', 'Dédalo', 'Perseo', 'Aquiles', 2, 10),
(1935, '¿Quién derrotó al gigante Gerión?', 'Teseo', 'Perseo', 'Hércules', 'Aquiles', 3, 10),
(1936, '¿Quién murió por su talón?', 'Hércules', 'Perseo', 'Teseo', 'Aquiles', 4, 10),
(1937, '¿Qué criatura tenía cuerpo de caballo y torso humano?', 'Centauro', 'Minotauro', 'Hidra', 'Quimera', 1, 10),
(1938, '¿Qué criatura era mitad hombre mitad toro?', 'Centauro', 'Minotauro', 'Hidra', 'Quimera', 2, 10),
(1939, '¿Qué criatura regeneraba cabezas?', 'Centauro', 'Minotauro', 'Hidra', 'Quimera', 3, 10),
(1940, '¿Qué criatura escupía fuego?', 'Centauro', 'Minotauro', 'Hidra', 'Quimera', 4, 10),
(1941, '¿Qué objeto usaba Zeus para lanzar rayos?', 'Rayo', 'Tridente', 'Espada', 'Lira', 1, 10),
(1942, '¿Qué arma usa Poseidón?', 'Rayo', 'Tridente', 'Espada', 'Arco', 2, 10),
(1943, '¿Qué instrumento usa Apolo?', 'Espada', 'Arco', 'Lira', 'Escudo', 3, 10),
(1944, '¿Qué arma usa Artemisa?', 'Espada', 'Lanza', 'Escudo', 'Arco', 4, 10),
(1945, '¿Quién fue madre de Hércules?', 'Alcmena', 'Hera', 'Atenea', 'Afrodita', 1, 10),
(1946, '¿Quién odiaba a Hércules?', 'Atenea', 'Hera', 'Artemisa', 'Afrodita', 2, 10),
(1947, '¿Quién ayudaba a héroes con sabiduría?', 'Hera', 'Afrodita', 'Atenea', 'Artemisa', 3, 10),
(1948, '¿Quién ayudaba en el amor?', 'Hera', 'Atenea', 'Artemisa', 'Afrodita', 4, 10),
(1949, '¿Qué ciudad destruyó Troya?', 'Griegos', 'Romanos', 'Persas', 'Egipcios', 1, 10),
(1950, '¿Quién ideó el caballo de Troya?', 'Aquiles', 'Odiseo', 'Perseo', 'Teseo', 2, 10),
(1951, '¿Qué objeto permitió entrar a Troya?', 'Barco', 'Espada', 'Caballo', 'Escudo', 3, 10),
(1952, '¿Quién cayó engañado por el caballo?', 'Esparta', 'Atenas', 'Grecia', 'Troya', 4, 10),
(1953, '¿Qué dios tenía alas en sandalias?', 'Hermes', 'Zeus', 'Ares', 'Apolo', 1, 10),
(1954, '¿Quién era dios de la guerra violenta?', 'Zeus', 'Ares', 'Apolo', 'Hermes', 2, 10),
(1955, '¿Quién representaba la razón y sabiduría?', 'Hera', 'Ares', 'Atenea', 'Hermes', 3, 10),
(1956, '¿Quién era dios del vino y fiesta?', 'Zeus', 'Ares', 'Apolo', 'Dionisio', 4, 10),
(1957, '¿Qué titán fue encadenado?', 'Prometeo', 'Atlas', 'Cronos', 'Urano', 1, 10),
(1958, '¿Quién liberó a Prometeo?', 'Zeus', 'Hércules', 'Ares', 'Apolo', 2, 10),
(1959, '¿Quién fue dios del cielo antiguo?', 'Zeus', 'Cronos', 'Urano', 'Hades', 3, 10),
(1960, '¿Quién gobernó antes de Zeus?', 'Zeus', 'Ares', 'Apolo', 'Cronos', 4, 10),
(1961, '¿Qué castigo tenía Tántalo?', 'Hambre', 'Fuego', 'Caída', 'Oscuridad', 1, 10),
(1962, '¿Qué castigo tenía Sísifo?', 'Fuego', 'Roca', 'Caída', 'Oscuridad', 2, 10),
(1963, '¿Qué castigo tenía Prometeo?', 'Fuego', 'Roca', 'Águila', 'Oscuridad', 3, 10),
(1964, '¿Qué castigo tenía Atlas?', 'Fuego', 'Roca', 'Águila', 'Cargar cielo', 4, 10),
(1965, '¿Qué héroe luchó con leones?', 'Hércules', 'Teseo', 'Perseo', 'Aquiles', 1, 10),
(1966, '¿Quién viajó con argonautas?', 'Perseo', 'Jasón', 'Teseo', 'Aquiles', 2, 10),
(1967, '¿Quién mató monstruos marinos?', 'Teseo', 'Perseo', 'Hércules', 'Aquiles', 3, 10),
(1968, '¿Quién participó en Troya?', 'Teseo', 'Perseo', 'Hércules', 'Aquiles', 4, 10),
(1969, '¿Qué isla era hogar de Circe?', 'Eea', 'Creta', 'Ítaca', 'Rodas', 1, 10),
(1970, '¿Quién transformaba hombres en animales?', 'Medusa', 'Circe', 'Hidra', 'Sirena', 2, 10),
(1971, '¿Qué seres atraían con canto?', 'Medusa', 'Hidra', 'Sirenas', 'Quimera', 3, 10),
(1972, '¿Qué monstruo petrificaba?', 'Quimera', 'Hidra', 'Sirena', 'Medusa', 4, 10),
(1973, '¿Qué dios controlaba relámpagos?', 'Zeus', 'Ares', 'Hermes', 'Apolo', 1, 10),
(1974, '¿Quién era dios mensajero?', 'Zeus', 'Hermes', 'Ares', 'Apolo', 2, 10),
(1975, '¿Quién era dios del arte?', 'Zeus', 'Hermes', 'Apolo', 'Ares', 3, 10),
(1976, '¿Quién era dios del inframundo?', 'Zeus', 'Hermes', 'Apolo', 'Hades', 4, 10),
(1977, '¿Qué dios era protector de ciudades?', 'Atenea', 'Hera', 'Afrodita', 'Artemisa', 1, 10),
(1978, '¿Quién era reina del Olimpo?', 'Atenea', 'Hera', 'Afrodita', 'Artemisa', 2, 10),
(1979, '¿Quién era diosa de belleza?', 'Hera', 'Atenea', 'Afrodita', 'Artemisa', 3, 10),
(1980, '¿Quién era diosa de la luna?', 'Hera', 'Atenea', 'Afrodita', 'Artemisa', 4, 10),
(1981, '¿Quién era padre de los cíclopes?', 'Urano', 'Cronos', 'Zeus', 'Hades', 1, 10),
(1982, '¿Quién liberó a los cíclopes?', 'Urano', 'Zeus', 'Cronos', 'Hades', 2, 10),
(1983, '¿Quién dio rayos a Zeus?', 'Urano', 'Cronos', 'Cíclopes', 'Hades', 3, 10),
(1984, '¿Quién ayudó en la guerra titánica?', 'Urano', 'Cronos', 'Hades', 'Cíclopes', 4, 10),
(1985, '¿Qué héroe era conocido por fuerza?', 'Hércules', 'Teseo', 'Perseo', 'Aquiles', 1, 10),
(1986, '¿Quién era conocido por inteligencia?', 'Hércules', 'Odiseo', 'Perseo', 'Aquiles', 2, 10),
(1987, '¿Quién era conocido por valentía?', 'Teseo', 'Odiseo', 'Aquiles', 'Perseo', 3, 10),
(1988, '¿Quién era conocido por velocidad?', 'Teseo', 'Odiseo', 'Perseo', 'Aquiles', 4, 10),
(1989, '¿Quién fue rey de Creta y padre del Minotauro?', 'Minos', 'Perseo', 'Aquiles', 'Teseo', 1, 10),
(1990, '¿Quién ayudó a Perseo con objetos mágicos?', 'Hera', 'Atenea', 'Zeus', 'Ares', 2, 10),
(1991, '¿Qué objeto hacía invisible a Perseo?', 'Escudo', 'Espada', 'Casco', 'Lanza', 3, 10),
(1992, '¿Qué criatura custodiaba el vellocino de oro?', 'Hidra', 'Quimera', 'Minotauro', 'Dragón', 4, 10),
(1993, '¿Quién era hijo de Poseidón y podía cambiar de forma?', 'Proteo', 'Ares', 'Apolo', 'Hermes', 1, 10),
(1994, '¿Quién fue gigante cazador convertido en constelación?', 'Perseo', 'Orión', 'Aquiles', 'Teseo', 2, 10),
(1995, '¿Quién mató a la Quimera?', 'Perseo', 'Hércules', 'Belerofonte', 'Aquiles', 3, 10),
(1996, '¿Qué animal montaba Belerofonte?', 'León', 'Toro', 'Lobo', 'Pegaso', 4, 10),
(1997, '¿Qué dios era asociado con el arco y la caza?', 'Apolo', 'Hermes', 'Ares', 'Hades', 1, 10),
(1998, '¿Qué dios protegía los caminos y viajeros?', 'Zeus', 'Hermes', 'Ares', 'Apolo', 2, 10),
(1999, '¿Qué diosa protegía la agricultura?', 'Hera', 'Atenea', 'Deméter', 'Artemisa', 3, 10),
(2000, '¿Qué dios gobernaba el inframundo junto a Perséfone?', 'Zeus', 'Apolo', 'Ares', 'Hades', 4, 10);

-- --------------------------------------------------------

--
-- Estructura de tabla para la tabla `usuario`
--

CREATE TABLE `usuario` (
  `id_usuario` int(11) NOT NULL,
  `nombre` varchar(50) DEFAULT NULL,
  `puntos` int(11) DEFAULT 0
) ENGINE=InnoDB DEFAULT CHARSET=utf8mb4 COLLATE=utf8mb4_general_ci;

--
-- Volcado de datos para la tabla `usuario`
--

INSERT INTO `usuario` (`id_usuario`, `nombre`, `puntos`) VALUES
(1, 'Jugador 1', 29),
(2, 'Jugador 2', 24),
(3, 'Jugador 3', 28);

-- --------------------------------------------------------

--
-- Estructura de tabla para la tabla `usuario_categoria`
--

CREATE TABLE `usuario_categoria` (
  `id_usuario` int(11) NOT NULL,
  `id_categoria` int(11) NOT NULL,
  `puntos` int(3) NOT NULL
) ENGINE=InnoDB DEFAULT CHARSET=utf8mb4 COLLATE=utf8mb4_general_ci;

--
-- Volcado de datos para la tabla `usuario_categoria`
--

INSERT INTO `usuario_categoria` (`id_usuario`, `id_categoria`, `puntos`) VALUES
(1, 1, 3),
(1, 2, 2),
(1, 3, 1),
(1, 4, 3),
(1, 5, 0),
(1, 6, 2),
(1, 7, 3),
(1, 8, 1),
(1, 9, 2),
(1, 10, 3),
(2, 1, 1),
(2, 2, 3),
(2, 3, 2),
(2, 4, 0),
(2, 5, 3),
(2, 6, 1),
(2, 7, 2),
(2, 8, 3),
(2, 9, 1),
(2, 10, 2),
(3, 1, 2),
(3, 2, 1),
(3, 3, 3),
(3, 4, 2),
(3, 5, 1),
(3, 6, 3),
(3, 7, 0),
(3, 8, 2),
(3, 9, 3),
(3, 10, 1);

--
-- Índices para tablas volcadas
--

--
-- Indices de la tabla `categoria`
--
ALTER TABLE `categoria`
  ADD PRIMARY KEY (`id_categoria`);

--
-- Indices de la tabla `pregunta`
--
ALTER TABLE `pregunta`
  ADD PRIMARY KEY (`id_pregunta`);

--
-- Indices de la tabla `usuario`
--
ALTER TABLE `usuario`
  ADD PRIMARY KEY (`id_usuario`);

--
-- AUTO_INCREMENT de las tablas volcadas
--

--
-- AUTO_INCREMENT de la tabla `pregunta`
--
ALTER TABLE `pregunta`
  MODIFY `id_pregunta` int(11) NOT NULL AUTO_INCREMENT, AUTO_INCREMENT=2001;

--
-- AUTO_INCREMENT de la tabla `usuario`
--
ALTER TABLE `usuario`
  MODIFY `id_usuario` int(11) NOT NULL AUTO_INCREMENT, AUTO_INCREMENT=4;
COMMIT;

/*!40101 SET CHARACTER_SET_CLIENT=@OLD_CHARACTER_SET_CLIENT */;
/*!40101 SET CHARACTER_SET_RESULTS=@OLD_CHARACTER_SET_RESULTS */;
/*!40101 SET COLLATION_CONNECTION=@OLD_COLLATION_CONNECTION */;
